{"dea": {"lmax": 10000000.0, "l": 0.0, "lmin": 9.9999999999999995e-08}, "dfa": {}, "vertex": {"5": {"z": 0.0, "is_anchor": false, "y": 4.7257549246032156, "x": 1.9929932587191757}, "4": {"z": 0.0, "is_anchor": false, "y": 3.787317560574897, "x": 1.9929932587191757}, "7": {"z": 0.0, "is_anchor": false, "y": 5.9149271938145134, "x": 2.7199324620734711}, "6": {"z": 0.0, "is_anchor": false, "y": 5.9149271938145134, "x": 1.9929932587191757}, "1": {"z": 0.0, "is_anchor": false, "y": 1.6970966436807913, "x": 1.9929932587191759}, "0": {"z": 0.0, "is_anchor": true, "y": 1.6970966436807911, "x": 2.7199324620734711}, "3": {"z": 0.0, "is_anchor": false, "y": 3.2104905407224833, "x": 1.9929932587191759}, "2": {"z": 0.0, "is_anchor": false, "y": 2.6970966436807915, "x": 1.9929932587191759}, "8": {"z": 0.0, "is_anchor": false, "y": 3.5335746311021707, "x": 2.7199324620734711}}, "face": {"14": ["8", "6", "7"], "4": ["4", "5", "8"], "15": ["0", "1", "8"], "6": ["3", "8", "2"], "10": ["8", "1", "2"], "9": ["4", "8", "3"], "8": ["5", "6", "8"]}, "facedata": {"14": {}, "4": {}, "15": {}, "6": {}, "10": {}, "9": {}, "8": {}}, "attributes": {"name": "ForceDiagram", "color.face": [0, 255, 255], "color.edge": [200, 200, 200], "color.vertex": [255, 255, 255]}, "max_int_fkey": 15, "max_int_key": 8, "edgedata": {}, "dva": {"is_anchor": false, "is_fixed": false, "y": 0.0, "x": 0.0, "z": 0.0, "is_param": false}}