{"dea": {"lmax": 10000000.0, "l": 0.0, "lmin": 9.9999999999999995e-08}, "dfa": {}, "vertex": {"5": {"z": 0.0, "is_anchor": false, "y": 8.6089930540012549, "x": 5.0903592888906042}, "4": {"z": 0.0, "is_anchor": false, "y": 7.7621907033612789, "x": 5.0903592888906051}, "7": {"z": 0.0, "is_anchor": false, "y": 9.682046953476668, "x": 5.7463155090589595}, "6": {"z": 0.0, "is_anchor": false, "y": 9.6820469534766662, "x": 5.0903592888906051}, "1": {"z": 0.0, "is_anchor": false, "y": 5.8760722967103609, "x": 5.0903592888906042}, "0": {"z": 0.0, "is_anchor": true, "y": 5.8760722967103582, "x": 5.7463155090589568}, "3": {"z": 0.0, "is_anchor": false, "y": 7.2416887550725537, "x": 5.0903592888906042}, "2": {"z": 0.0, "is_anchor": false, "y": 6.778425914649242, "x": 5.0903592888906051}, "8": {"z": 0.0, "is_anchor": false, "y": 7.5332248529251551, "x": 5.7463155090589586}}, "face": {"14": ["0", "1", "8"], "5": ["6", "8", "5"], "10": ["8", "1", "2"], "0": ["7", "8", "6"], "3": ["3", "4", "8"], "2": ["8", "4", "5"], "11": ["2", "3", "8"]}, "facedata": {"14": {}, "5": {}, "10": {}, "0": {}, "3": {}, "2": {}, "11": {}}, "attributes": {"name": "ForceDiagram", "color.face": [0, 255, 255], "color.edge": [200, 200, 200], "color.vertex": [255, 255, 255]}, "max_int_fkey": 14, "max_int_key": 8, "edgedata": {"(1, 2)": {}, "(4, 5)": {}, "(2, 3)": {}, "(5, 6)": {}, "(0, 1)": {}, "(1, 8)": {}, "(5, 8)": {}, "(6, 7)": {}, "(3, 8)": {}, "(7, 8)": {}, "(2, 8)": {}, "(6, 8)": {}, "(3, 4)": {}, "(0, 8)": {}, "(4, 8)": {}}, "dva": {"is_anchor": false, "is_fixed": false, "y": 0.0, "x": 0.0, "z": 0.0, "is_param": false}}