{"dea": {"is_element": false, "f": 0.0, "is_edge": true, "l": 0.0, "q": 1.0, "is_load": false, "is_reaction": false, "is_ind": false}, "dfa": {}, "vertex": {"14": {"z": 0.0, "y": 3.5704858624720872, "x": 1.0504595050594634}, "12": {"z": 0.0, "y": 5.6650894552570179, "x": -0.39544222876595603}, "5": {"z": 0.0, "y": 5.3446463683011132, "x": -1.1691950484887479}, "4": {"z": 0.0, "y": 4.9538621159158662, "x": 0.43302038629077078}, "7": {"z": 0.0, "y": 4.7741013598186512, "x": 0.82380463867601916}, "6": {"z": 0.0, "y": 4.8991523205819307, "x": -1.1691950484887479}, "1": {"z": 0.0, "y": 4.8209954701048829, "x": -1.7397400569712107}, "0": {"z": 0.0, "y": 5.3211993131580009, "x": 0.43302038629077078}, "3": {"z": 0.0, "y": 3.4923290119950368, "x": -2.3962576009784287}, "2": {"z": 0.0, "y": 3.5704858624720872, "x": 1.3318241667768413}, "10": {"z": 0.0, "y": 4.2426347765747146, "x": -1.7397400569712107}, "13": {"z": 0.0, "y": 3.1328074998006086, "x": 1.0504595050594634}, "15": {"z": 0.0, "is_fixed": true, "y": 3.4923290119950368, "x": -2.0367360887839996}, "11": {"z": 0.0, "y": 3.1015447596097889, "x": -2.0367360887839996}, "9": {"z": 0.0, "y": 5.2430424626809504, "x": -0.39544222876595603}, "8": {"z": 0.0, "y": 4.3129759420040585, "x": 0.82380463867601916}}, "face": {"5": ["0", "4", "8", "7"], "4": ["12", "9", "4", "0"], "7": ["2", "14", "13"], "6": ["7", "8", "14", "2"], "1": ["3", "15", "10", "1"], "0": ["11", "15", "3"], "3": ["5", "6", "9", "12"], "2": ["1", "10", "6", "5"], "8": ["13", "14", "8", "4", "9", "6", "10", "15", "11"]}, "facedata": {"5": {}, "4": {}, "7": {}, "6": {}, "1": {}, "0": {}, "3": {}, "2": {}, "8": {}}, "attributes": {"color.face": [0, 255, 255], "name": "FormDiagram", "color.vertex:is_fixed": [255, 0, 0], "color.vertex": [255, 255, 255], "color.edge": [0, 0, 0]}, "max_int_fkey": 8, "max_int_key": 15, "edgedata": {"(10, 15)": {"l": 0.80694819119571604, "f": 1.9751182252353037, "q": 2.4476394479658254}, "(0, 4)": {}, "(0, 7)": {"is_edge": false}, "(5, 1)": {"is_edge": false}, "(12, 0)": {"is_edge": false}, "(2, 13)": {"is_edge": false}, "(5, 6)": {"l": 0.44549404771918244, "f": 0.51339389704169136, "q": 1.1524147172563564}, "(3, 11)": {"is_edge": false}, "(3, 1)": {"is_edge": false}, "(11, 15)": {}, "(1, 10)": {"l": 0.57836069353016839, "f": 1.0, "is_ind": true, "q": 1.7290248303290654}, "(12, 5)": {"is_edge": false}, "(11, 13)": {"is_edge": false}, "(6, 10)": {"l": 0.86979129237623476, "f": 1.1082129889213077, "q": 1.2741136852424844}, "(4, 0)": {"l": 0.36733719724213465, "f": 0.93843736402831879, "q": 2.5547027937106428}, "(14, 8)": {"l": 0.77631433495633073, "f": 2.4898354630999253, "q": 3.2072516904379764}, "(4, 8)": {"l": 0.75063134748264637, "f": 1.396328921703484, "q": 1.8602059804540276}, "(4, 9)": {"l": 0.87748252261900039, "f": 0.76995199826403338, "q": 0.87745565115755997}, "(2, 7)": {"is_edge": false}, "(7, 0)": {"is_edge": false}, "(10, 1)": {"is_ind": true, "q": 1.7290248303290654}, "(7, 2)": {"is_edge": false}, "(13, 14)": {}, "(13, 11)": {"is_edge": false}, "(13, 2)": {"is_edge": false}, "(14, 2)": {"l": 0.28136466171737795, "f": 0.72693920335429518, "q": 2.5836194172972688}, "(14, 13)": {"l": 0.43767836267147864, "f": 2.3813525627123426, "q": 5.4408734034215573}, "(7, 8)": {"l": 0.46112541781459271, "f": 1.1891722692112978, "q": 2.5788477999046999}, "(2, 14)": {}, "(8, 14)": {}, "(15, 11)": {"l": 0.39078425238524783, "f": 1.8364779874213792, "q": 4.6994677400943976}, "(3, 15)": {"l": 0.35952151219442907, "f": 0.7269392033542954, "q": 2.0219630222326361}, "(5, 12)": {"is_edge": false}, "(6, 9)": {"l": 0.8467312772431731, "f": 0.79550231604304433, "q": 0.93949796992627654}, "(1, 3)": {"is_edge": false}, "(11, 3)": {"is_edge": false}, "(1, 5)": {"is_edge": false}, "(12, 9)": {"l": 0.42204699257606748, "f": 0.57682701985241369, "q": 1.3667364772145592}, "(0, 12)": {"is_edge": false}, "(9, 12)": {}}, "dva": {"cy": 0.0, "is_fixed": false, "y": 0.0, "x": 0.0, "z": 0.0, "cx": 0.0}}