{"dea": {"is_element": false, "f": 0.0, "is_edge": true, "l": 0.0, "q": 1.0, "is_load": false, "is_reaction": false, "is_ind": false}, "dfa": {}, "vertex": {"14": {"z": 0.0, "is_fixed": true, "y": 3.4923290119950368, "x": 6.9468739023809114}, "12": {"z": 0.0, "y": 3.1015447596097889, "x": 6.9468739023809114}, "5": {"z": 0.0, "y": 4.3129759420040585, "x": 9.807414629840931}, "4": {"z": 0.0, "y": 3.1328074998006086, "x": 10.034069496224374}, "7": {"z": 0.0, "y": 5.3446463683011132, "x": 7.8144149426761622}, "6": {"z": 0.0, "y": 5.3211993131580009, "x": 9.4166303774556823}, "1": {"z": 0.0, "y": 4.7741013598186512, "x": 9.807414629840931}, "0": {"z": 0.0, "is_fixed": true, "y": 3.5704858624720872, "x": 10.034069496224374}, "3": {"z": 0.0, "y": 5.2430424626809504, "x": 8.588167762398955}, "2": {"z": 0.0, "y": 4.9538621159158662, "x": 9.4166303774556823}, "10": {"z": 0.0, "y": 4.2426347765747154, "x": 7.2438699341937003}, "13": {"z": 0.0, "y": 3.5704858624720872, "x": 10.315434157941752}, "15": {"z": 0.0, "y": 3.4923290119950368, "x": 6.5873523901864814}, "11": {"z": 0.0, "y": 4.8991523205819307, "x": 7.8144149426761622}, "9": {"z": 0.0, "y": 4.8209954701048829, "x": 7.2438699341937003}, "8": {"z": 0.0, "y": 5.6650894552570179, "x": 8.588167762398955}}, "face": {"5": ["6", "2", "5", "1"], "4": ["8", "3", "2", "6"], "7": ["13", "0", "4"], "6": ["1", "5", "0", "13"], "1": ["15", "14", "10", "9"], "0": ["12", "14", "15"], "3": ["7", "11", "3", "8"], "2": ["9", "10", "11", "7"], "8": ["4", "0", "5", "2", "3", "11", "10", "14", "12"]}, "facedata": {"5": {}, "4": {}, "7": {}, "6": {}, "1": {}, "0": {}, "3": {}, "2": {}, "8": {}}, "attributes": {"color.face": [0, 255, 255], "name": "FormDiagram", "color.vertex:is_fixed": [255, 0, 0], "color.vertex": [255, 255, 255], "color.edge": [0, 0, 0]}, "max_int_fkey": 8, "max_int_key": 15, "edgedata": {"(1, 13)": {"is_edge": false}, "(0, 5)": {}, "(10, 14)": {}, "(0, 4)": {}, "(10, 11)": {"l": 0.86979129237623354, "f": 1.0, "is_ind": true, "q": 1.1497010935439946}, "(5, 1)": {"l": 0.46112541781459271, "f": 1.0730538994754115, "q": 2.3270326423577465}, "(15, 9)": {"is_edge": false}, "(5, 0)": {"l": 0.7763143349563304, "f": 2.2467120382007493, "q": 2.8940751665073048}, "(5, 2)": {"l": 0.75063134748264648, "f": 1.2599824543318308, "q": 1.6785635965742287}, "(4, 12)": {"is_edge": false}, "(3, 11)": {"l": 0.84673127724317387, "f": 0.71782439296019784, "q": 0.84775939220920604}, "(3, 2)": {"l": 0.87748252261900095, "f": 0.69476897127281934, "q": 0.79177528140293796}, "(11, 10)": {"is_ind": true, "q": 1.1497010935439946}, "(3, 8)": {"l": 0.42204699257606748, "f": 0.52050194828872609, "q": 1.2332796049835935}, "(0, 13)": {"l": 0.28136466171737773, "f": 0.6559562201683542, "q": 2.3313383285753289}, "(4, 0)": {"l": 0.43767836267147864, "f": 2.148822100551512, "q": 4.9095918003248835}, "(12, 15)": {"is_edge": false}, "(12, 14)": {}, "(2, 3)": {}, "(2, 5)": {}, "(2, 6)": {}, "(7, 11)": {"l": 0.44549404771918244, "f": 0.46326284042331062, "q": 1.0398855894822836}, "(9, 7)": {"is_edge": false}, "(14, 10)": {"l": 0.80694819119571692, "f": 1.7822550763980942, "q": 2.208636311281881}, "(7, 8)": {"is_edge": false}, "(10, 9)": {"l": 0.5783606935301675, "f": 0.90235361793888014, "q": 1.5601918111535928}, "(14, 15)": {"l": 0.35952151219442996, "f": 0.6559562201683542, "q": 1.8245256484502428}, "(14, 12)": {"l": 0.39078425238524783, "f": 1.6571525562147931, "q": 4.2405817176612279}, "(7, 9)": {"is_edge": false}, "(4, 13)": {"is_edge": false}, "(12, 4)": {"is_edge": false}, "(9, 10)": {}, "(6, 1)": {"is_edge": false}, "(15, 12)": {"is_edge": false}, "(8, 6)": {"is_edge": false}, "(8, 7)": {"is_edge": false}, "(6, 2)": {"l": 0.36733719724213465, "f": 0.84680235063997655, "q": 2.3052453086633555}, "(13, 4)": {"is_edge": false}, "(6, 8)": {"is_edge": false}, "(9, 15)": {"is_edge": false}, "(1, 5)": {}, "(1, 6)": {"is_edge": false}, "(13, 1)": {"is_edge": false}}, "dva": {"cy": 0.0, "is_fixed": false, "y": 0.0, "x": 0.0, "z": 0.0, "cx": 0.0}}