{"attributes": {"name": "FormDiagram", "color.vertex": [255, 255, 255], "color.edge": [0, 0, 0], "color.face": [0, 255, 255], "color.vertex:is_fixed": [255, 0, 0], "indset": "0.714,9.286,0.000-0.791,7.857,0.000-1.014,8.571,0.000-1.785,8.915,0.000-5.500,5.000,0.000", "loadpath": 239138155249.37738}, "dva": {"x": 0.0, "y": 0.0, "z": 0.0, "is_fixed": false, "cx": 0.0, "cy": 0.0}, "dea": {"q": 1.0, "f": 0.0, "l": 0.0, "is_ind": false, "is_element": false, "is_reaction": false, "is_load": false, "is_symmetry": false}, "dfa": {}, "vertex": {"0": {"cy": 0.0, "p": 0, "sorted_neighbours": [7, 4, 2, 14, 12], "is_fixed": false, "y": 7.142857142857142, "x": 2.857142857142848, "z": 3.365576336845159, "cx": 0.0, "pz": 1.1839571104198972}, "1": {"cy": 0.0, "p": 0, "sorted_neighbours": [0, 14, 17, 13], "is_fixed": false, "y": 5.000000000000017, "x": 3.5714285714285445, "z": -161.3002508489615, "cx": 0.0, "pz": 1.096}, "2": {"cy": 0.0, "p": 0, "sorted_neighbours": [2, 1, 3, 17], "is_fixed": false, "y": 5.000000000000021, "x": 4.999999999999989, "z": -490.1430859852316, "cx": 0.0, "pz": 1.0205}, "3": {"cy": 0.0, "p": 0, "sorted_neighbours": [14], "is_fixed": true, "y": 4.000000000000021, "x": 4.999999999999989, "z": 0.0, "cx": 0.0, "pz": 0.0}, "4": {"cy": 0.0, "p": 0, "sorted_neighbours": [17, 7, 5, 13], "is_fixed": false, "y": 7.142857142854199, "x": 2.053377326441492, "z": 0.660353666854026, "cx": 0.0, "pz": 1.6248953177751493}, "5": {"cy": 0.0, "p": 0, "sorted_neighbours": [2, 4, 18, 6], "is_fixed": false, "y": 5.000000000000015, "x": 2.380952380952351, "z": -23.182363909974793, "cx": 0.0, "pz": 1.208}, "6": {"cy": 0.0, "p": 0, "sorted_neighbours": [15, 5, 11], "is_fixed": false, "y": 7.142857142857146, "x": -7.105427357601002e-15, "z": -128666847552.34079, "cx": 0.0, "pz": 0.8703157421082854}, "7": {"cy": 0.0, "p": 0, "sorted_neighbours": [18, 10, 20], "is_fixed": false, "y": 5.0, "x": 0.0, "z": -208272100193.0542, "cx": 0.0, "pz": 0.61}, "8": {"cy": 0.0, "p": 0, "sorted_neighbours": [4, 17, 9, 16, 19], "is_fixed": false, "y": 8.571428571428571, "x": 1.4285714285714217, "z": 2.21000559294283, "cx": 0.0, "pz": 0.7063061516600371}, "9": {"cy": 0.0, "p": 0, "sorted_neighbours": [10, 18, 4, 19], "is_fixed": false, "y": 7.142857142857126, "x": 0.981581450806523, "z": 451.02631535606247, "cx": 0.0, "pz": 1.8214580310908557}, "10": {"cy": 0.0, "p": 0, "sorted_neighbours": [2], "is_fixed": true, "y": 4.000000000000017, "x": 3.5714285714285445, "z": 0.0, "cx": 0.0, "pz": 0.0}, "11": {"cy": 0.0, "p": 0, "sorted_neighbours": [11, 19, 7], "is_fixed": true, "y": 9.999999999999941, "x": -1.0658141036401503e-14, "z": 0.0, "cx": 0.0, "pz": 0.3401360544272338}, "12": {"cy": 0.0, "p": 0, "sorted_neighbours": [16, 10, 19], "is_fixed": false, "y": 8.57142857142857, "x": -8.881784197001252e-15, "z": 3.46220779311459, "cx": 0.0, "pz": 0.3911929706870233}, "13": {"cy": 0.0, "p": 0, "sorted_neighbours": [15], "is_fixed": true, "y": 4.0, "x": 0.0, "z": 0.0, "cx": 0.0, "pz": 0.0}, "14": {"cy": 0.0, "p": 0, "sorted_neighbours": [5, 15, 8, 13], "is_fixed": false, "y": 5.000000000000012, "x": 1.1904761904761578, "z": 707.3517305559399, "cx": 0.0, "pz": 1.232}, "15": {"cy": 0.0, "p": 0, "sorted_neighbours": [18], "is_fixed": true, "y": 4.000000000000012, "x": 1.1904761904761578, "z": 0.0, "cx": 0.0, "pz": 0.0}, "16": {"cy": 0.0, "p": 0, "sorted_neighbours": [7, 16, 11, 5], "is_fixed": false, "y": 8.571428571405564, "x": 0.5999611448654036, "z": 2.8721034687974227, "cx": 0.0, "pz": 0.9061263769350671}, "17": {"cy": 0.0, "p": 0, "sorted_neighbours": [7], "is_fixed": true, "y": 9.258415434749896, "x": 2.141314481023145, "z": 0.0, "cx": 0.0, "pz": 0.0}, "18": {"cy": 0.0, "p": 0, "sorted_neighbours": [13], "is_fixed": true, "y": 4.000000000000015, "x": 2.380952380952351, "z": 0.0, "cx": 0.0, "pz": 0.0}, "19": {"cy": 0.0, "p": 0, "sorted_neighbours": [14], "is_fixed": true, "y": 5.000000000000021, "x": 5.999999999999989, "z": 0.0, "cx": 0.0, "pz": 0.0}, "20": {"cy": 0.0, "p": 0, "sorted_neighbours": [17], "is_fixed": true, "y": 7.829844006178467, "x": 3.569885909594571, "z": 0.0, "cx": 0.0, "pz": 0.0}}, "edge": {"0": {"1": {"is_symmetry": false, "q": 12.478092998280246, "f": 0.0, "l": 0.0, "is_ind": false, "is_element": false, "is_reaction": false, "is_load": false}, "2": {"is_symmetry": false, "q": -4.176309425444876, "f": 0.0, "l": 0.0, "is_ind": false, "is_element": false, "is_reaction": false, "is_load": false}, "20": {"is_symmetry": true, "q": 0.0, "f": 0.0, "l": 0.0, "is_ind": false, "is_element": false, "is_reaction": false, "is_load": false}}, "1": {"10": {"is_symmetry": true, "q": 0.0, "f": 0.0, "l": 0.0, "is_ind": false, "is_element": false, "is_reaction": false, "is_load": false}}, "2": {"3": {"is_symmetry": true, "q": -0.0, "f": 0.0, "l": 0.0, "is_ind": false, "is_element": false, "is_reaction": false, "is_load": false}, "1": {"is_symmetry": false, "q": 6.264464838167212, "f": 0.0, "l": 0.0, "is_ind": false, "is_element": false, "is_reaction": false, "is_load": false}, "19": {"is_symmetry": true, "q": 0.0, "f": 0.0, "l": 0.0, "is_ind": true, "is_element": false, "is_reaction": false, "is_load": false}}, "3": {}, "4": {"5": {"is_symmetry": false, "q": 0.10880807995766206, "f": 0.0, "l": 0.0, "is_ind": false, "is_element": false, "is_reaction": false, "is_load": false}, "0": {"is_symmetry": false, "q": 0.08397661097614639, "f": 0.0, "l": 0.0, "is_ind": false, "is_element": false, "is_reaction": false, "is_load": false}}, "5": {"1": {"is_symmetry": false, "q": 0.030502006832779593, "f": 0.0, "l": 0.0, "is_ind": false, "is_element": false, "is_reaction": false, "is_load": false}, "18": {"is_symmetry": true, "q": 0.0, "f": 0.0, "l": 0.0, "is_ind": false, "is_element": false, "is_reaction": false, "is_load": false}}, "6": {"7": {"is_symmetry": false, "q": -7.667642510878781e-12, "f": 0.0, "l": 0.0, "is_ind": false, "is_element": false, "is_reaction": false, "is_load": false}, "9": {"is_symmetry": false, "q": 2.5490113932055415e-17, "f": 0.0, "l": 0.0, "is_ind": false, "is_element": false, "is_reaction": false, "is_load": false}}, "7": {"13": {"is_symmetry": true, "q": -0.0, "f": 0.0, "l": 0.0, "is_ind": false, "is_element": false, "is_reaction": false, "is_load": false}, "14": {"is_symmetry": false, "q": 1.8467151170044493e-15, "f": 0.0, "l": 0.0, "is_ind": false, "is_element": false, "is_reaction": false, "is_load": false}}, "8": {"0": {"is_symmetry": false, "q": 6.305243056946489, "f": 0.0, "l": 0.0, "is_ind": false, "is_element": false, "is_reaction": false, "is_load": false}, "4": {"is_symmetry": false, "q": 0.163212119935765, "f": 0.0, "l": 0.0, "is_ind": false, "is_element": false, "is_reaction": false, "is_load": false}, "17": {"is_symmetry": true, "q": 0.0, "f": 0.0, "l": 0.0, "is_ind": true, "is_element": false, "is_reaction": false, "is_load": false}}, "9": {"14": {"is_symmetry": false, "q": 0.0032030494107971805, "f": 0.0, "l": 0.0, "is_ind": false, "is_element": false, "is_reaction": false, "is_load": false}, "4": {"is_symmetry": false, "q": 0.0010864222356325715, "f": 0.0, "l": 0.0, "is_ind": false, "is_element": false, "is_reaction": false, "is_load": false}}, "10": {}, "11": {"12": {"is_symmetry": false, "q": 3.957482674510396e-11, "f": 0.0, "l": 0.0, "is_ind": false, "is_element": false, "is_reaction": false, "is_load": false}, "16": {"is_symmetry": false, "q": 0.5642985196853486, "f": 0.0, "l": 0.0, "is_ind": false, "is_element": false, "is_reaction": false, "is_load": false}, "8": {"is_symmetry": false, "q": 5.0, "f": 0.0, "l": 0.0, "is_ind": true, "is_element": false, "is_reaction": false, "is_load": false}}, "12": {"16": {"is_symmetry": false, "q": 3.1721452199051927, "f": 0.0, "l": 0.0, "is_ind": false, "is_element": false, "is_reaction": false, "is_load": false}, "6": {"is_symmetry": false, "q": -1.1508043207757123e-11, "f": 0.0, "l": 0.0, "is_ind": false, "is_element": false, "is_reaction": false, "is_load": false}}, "13": {}, "14": {"15": {"is_symmetry": true,