{"attributes": {"name": "FormDiagram", "color.vertex": [255, 255, 255], "color.edge": [0, 0, 0], "color.face": [0, 255, 255], "color.vertex:is_fixed": [255, 0, 0], "indset": "0.000,5.500,0.000-0.000,6.500,0.000-0.000,7.500,0.000-0.000,8.500,0.000-0.000,9.500,0.000-0.500,5.000,0.000-0.500,6.000,0.000-0.500,8.500,0.000-1.000,6.500,0.000-1.000,8.500,0.000-1.500,5.500,0.000-1.500,6.000,0.000-1.500,6.500,0.000-1.500,7.500,0.000-1.500,9.500,0.000-2.000,4.500,0.000-2.000,7.500,0.000-2.500,5.000,0.000-2.500,6.500,0.000-2.500,7.000,0.000-2.500,7.500,0.000-2.500,8.500,0.000-3.500,6.500,0.000-5.000,4.500,0.000-5.500,5.000,0.000", "loadpath": 56.75373265740017}, "dva": {"x": 0.0, "y": 0.0, "z": 0.0, "is_fixed": false, "cx": 0.0, "cy": 0.0}, "dea": {"q": 1.0, "f": 0.0, "l": 0.0, "is_ind": false, "is_element": false, "is_reaction": false, "is_load": false, "is_symmetry": false}, "dfa": {}, "vertex": {"0": {"cy": 0.0, "p": 0, "sorted_neighbours": [22, 1, 24, 10, 26], "is_fixed": false, "y": 5.0, "x": 3.0, "z": 3.6509343159685437, "cx": 0.0, "pz": 0.5}, "1": {"cy": 0.0, "p": 0, "sorted_neighbours": [25, 15, 1, 11, 29], "is_fixed": false, "y": 5.0, "x": 4.0, "z": 3.9589189574129326, "cx": 0.0, "pz": 0.5}, "2": {"cy": 0.0, "p": 0, "sorted_neighbours": [21, 0, 17, 7], "is_fixed": true, "y": 7.0, "x": 0.0, "z": 0.0, "cx": 0.0, "pz": 0.49999999999999994}, "3": {"cy": 0.0, "p": 0, "sorted_neighbours": [14, 17, 16, 3], "is_fixed": true, "y": 8.0, "x": 0.0, "z": 0.0, "cx": 0.0, "pz": 0.5000000000000001}, "4": {"cy": 0.0, "p": 0, "sorted_neighbours": [1, 18, 17, 0, 10, 11], "is_fixed": false, "y": 6.0, "x": 2.0, "z": 2.9395520951334766, "cx": 0.0, "pz": 0.9999999999999999}, "5": {"cy": 0.0, "p": 0, "sorted_neighbours": [13, 19, 1, 22, 25], "is_fixed": false, "y": 6.0, "x": 4.0, "z": 3.853505232306123, "cx": 0.0, "pz": 0.5}, "6": {"cy": 0.0, "p": 0, "sorted_neighbours": [15], "is_fixed": true, "y": 7.0, "x": 5.0, "z": 0.0, "cx": 0.0, "pz": 0.0}, "7": {"cy": 0.0, "p": 0, "sorted_neighbours": [7, 16, 4, 28], "is_fixed": true, "y": 9.0, "x": 0.0, "z": 0.0, "cx": 0.0, "pz": 0.5}, "8": {"cy": 0.0, "p": 0, "sorted_neighbours": [2, 28, 3, 16, 23], "is_fixed": false, "y": 9.0, "x": 1.0, "z": 2.149772579718921, "cx": 0.0, "pz": 0.5}, "9": {"cy": 0.0, "p": 0, "sorted_neighbours": [11, 22, 15, 19, 18, 24], "is_fixed": false, "y": 6.0, "x": 3.0, "z": 3.644934157135836, "cx": 0.0, "pz": 1.0}, "10": {"cy": 0.0, "p": 0, "sorted_neighbours": [16, 7, 14, 0, 24, 18], "is_fixed": false, "y": 7.0, "x": 1.0, "z": 1.8369718565530992, "cx": 0.0, "pz": 1.0000000000000002}, "11": {"cy": 0.0, "p": 0, "sorted_neighbours": [1, 15, 8, 23, 18], "is_fixed": false, "y": 7.0, "x": 3.0, "z": 3.4548814598220243, "cx": 0.0, "pz": 0.5}, "12": {"cy": 0.0, "p": 0, "sorted_neighbours": [9, 10, 0, 21, 27], "is_fixed": false, "y": 5.0, "x": 1.0, "z": 1.6714818045845237, "cx": 0.0, "pz": 0.5}, "13": {"cy": 0.0, "p": 0, "sorted_neighbours": [11, 24, 0, 30, 12], "is_fixed": false, "y": 5.0, "x": 2.0, "z": 2.888465533982893, "cx": 0.0, "pz": 0.5}, "14": {"cy": 0.0, "p": 0, "sorted_neighbours": [14, 21, 30, 10, 24, 17], "is_fixed": false, "y": 6.0, "x": 1.0, "z": 1.724575022205637, "cx": 0.0, "pz": 1.0}, "15": {"cy": 0.0, "p": 0, "sorted_neighbours": [19], "is_fixed": true, "y": 8.0, "x": 4.0, "z": 0.0, "cx": 0.0, "pz": 0.0}, "16": {"cy": 0.0, "p": 0, "sorted_neighbours": [4, 3, 7, 17, 18, 23], "is_fixed": false, "y": 8.0, "x": 1.0, "z": 1.9981176492476633, "cx": 0.0, "pz": 1.0}, "17": {"cy": 0.0, "p": 0, "sorted_neighbours": [10], "is_fixed": true, "y": 4.0, "x": 2.0, "z": 0.0, "cx": 0.0, "pz": 0.0}, "18": {"cy": 0.0, "p": 0, "sorted_neighbours": [22], "is_fixed": true, "y": 4.0, "x": 4.0, "z": 0.0, "cx": 0.0, "pz": 0.0}, "19": {"cy": 0.0, "p": 0, "sorted_neighbours": [27, 30, 0, 14], "is_fixed": true, "y": 6.0, "x": 0.0, "z": 0.0, "cx": 0.0, "pz": 0.5}, "20": {"cy": 0.0, "p": 0, "sorted_neighbours": [16, 17, 24, 1, 19, 23], "is_fixed": false, "y": 7.0, "x": 2.0, "z": 2.9862971036014905, "cx": 0.0, "pz": 1.0}, "21": {"cy": 0.0, "p": 0, "sorted_neighbours": [4, 16, 18, 19, 20], "is_fixed": false, "y": 8.0, "x": 2.0, "z": 2.861073052216326, "cx": 0.0, "pz": 0.5}, "22": {"cy": 0.0, "p": 0, "sorted_neighbours": [15, 22, 5, 6], "is_fixed": false, "y": 5.0, "x": 5.0, "z": 3.9978594272291783, "cx": 0.0, "pz": 0.25}, "23": {"cy": 0.0, "p": 0, "sorted_neighbours": [11], "is_fixed": true, "y": 4.0, "x": 3.0, "z": 0.0, "cx": 0.0, "pz": 0.0}, "24": {"cy": 0.0, "p": 0, "sorted_neighbours": [3, 4], "is_fixed": true, "y": 10.0, "x": 0.0, "z": 0.0, "cx": 0.0, "pz": 0.16666666666666652}, "25": {"cy": 0.0, "p": 0, "sorted_neighbours": [25], "is_fixed": true, "y": 4.0, "x": 5.0, "z": 0.0, "cx": 0.0, "pz": 0.0}, "26": {"cy": 0.0, "p": 0, "sorted_neighbours": [4], "is_fixed": true, "y": 10.0, "x": 2.0, "z": 0.0, "cx": 0.0, "pz": 0.0}, "27": {"cy": 0.0, "p": 0, "sorted_neighbours": [25], "is_fixed": true, "y": 5.0, "x": 6.0, "z": 0.0, "cx": 0.0, "pz": 0.0}, "28": {"cy": 0.0, "p": 0, "sorted_neighbours": [30, 21], "is_fixed": true, "y": 5.0, "x": 0.0, "z": 0.0, "cx": 0.0, "pz": 0.16666666666666657}, "29": {"cy": 0.0, "p": 0, "sorted_neighbours": [30], "is_fixed": true, "y": 4.0, "x": 1.0, "z": 0.0, "cx": 0.0, "pz": 0.0}, "30": {"cy": 0.0, "p": 0, "sorted_neighbours": [23], "is_fixed": true, "y": 9.0, "x": 3.0, "z": 0.0, "cx": 0.0, "pz": 0.0}}, "edge": {"0": {"1": {"is_symmetry": false, "q": 1.1001492409448774, "f": 0.0, "l": 0.0, "is_ind": false, "is_element": false, "is_reaction": false, "is_load": false}, "9": {"is_symmetry": false, "q": 6.0222798718075905e-05, "f": 0.0, "l": 0.0, "is_ind": false, "is_element": false, "is_reaction": false, "is_load": false}, "23": {"is_symmetry": true, "q": 0.0, "f": 0.0, "l": 0.0, "is_ind": false, "is_element": false, "is_reaction": false, "is_load": false}}, "1": {"18": {"is_symmetry": true, "q": 0.0, "f": 0.0, "l": 0.0, "is_ind": false, "is_element": false, "is_reaction": false, "is_load": false}, "5": {"is_symmetry": false, "q": 1.4094010038227711, "f": 0.0, "l": 0.0, "is_ind": false, "is_element": false, "is_reaction": false, "is_load": false}, "22": {"is_symmetry": false, "q": 1.3017205612026916, "f": 0.0, "l": 0.0, "is_ind": false, "is_element": false, "is_reaction": false, "is_load": false}}, "2": {"3": {"is_symmetry": false, "q": -0.0003291381144743621, "f": 0.0, "l": 0.0, "is_ind": true, "is_element": false, "is_reaction": false, "is_load": false}, "10": {"is_symmetry": false, "q": 1.4546067703143883, "f": 0.0, "l": 0.0, "is_ind": false, "is_element": false, "is_reaction": false, "is_load": false}}, "3": {"7": {"is_symmetry": false, "q": -7.230753872747292e-05, "f": 0.0, "l": 0.0, "is_ind": true, "is_element": false, "is_reaction": false, "is_load": false}, "16": {"is_symmetry": false, "q": 0.888308205477001, "f": 0.0, "l": 0.0, "is_ind": false, "is_element": false, "is_reaction": false, "is_load": false}}, "4": {"0": {"is_symmetry": false, "q": 1.4555380056775172e-05, "f": 0.0, "l": 0.0, "is_ind": false, "is_element": false, "is_reaction": false, "is_load": false}, "20": {"is_symmetry": false, "q": 0.0005333608834513321, "f": 0.0, "l": 0.0, "is_ind": false, "is_element": false, "is_reaction": false, "is_load": false}, "9": {"is_symmetry": false, "q": 1.9623266283386627, "f": 0.0, "l": 0.0, "is_ind": false, "is_element": false, "is_reaction": false, "is_load": false}}, "5": {"6": {"is_symmetry": true, "q": 0.0, "f": 0.0, "l": 0.0, "is_ind": false, "is_element": false, "is_reaction": false, "is_load": false}, "22": {"is_symmetry": false, "q": 1.3807038297954284, "f": 0.0, "l": 0.0, "is_ind": false, "is_element": false, "is_reaction": false, "is_load": false}}, "6": {}, "7": {"8": {"is_symmetry": false, "q": 0.27004640556506654, "f": 0.0, "l": 0.0, "is_ind": false, "is_element": false, "is_reaction": false, "is_load": false}, "24": {"is_symmetry": false, "q": -0.00015814877228968554, "f": 0.0, "l": 0.0, "is_ind": true, "is_element": false, "is_reaction": false, "is_load": false}},