{"attributes": {"name": "FormDiagram", "color.vertex": [255, 255, 255], "color.edge": [0, 0, 0], "color.face": [0, 255, 255], "color.vertex:is_fixed": [255, 0, 0], "indset": "0.000,9.167,0.000-0.833,9.167,0.000-1.000,4.500,0.000-2.500,5.000,0.000-3.500,5.000,0.000-4.000,4.500,0.000", "loadpath": 115.05309703425296}, "dva": {"x": 0.0, "y": 0.0, "z": 0.0, "is_fixed": false, "cx": 0.0, "cy": 0.0}, "dea": {"q": 1.0, "f": 0.0, "l": 0.0, "is_ind": false, "is_element": false, "is_reaction": false, "is_load": false, "is_symmetry": false}, "dfa": {}, "vertex": {"0": {"cx": 0.0, "p": 0, "cy": 0.0, "is_fixed": false, "pz": 1.111111111111111, "z": 4.570702091860915, "y": 6.666666666666667, "x": 1.3333333333333333, "sorted_neighbours": [5, 21, 8, 26]}, "1": {"cx": 0.0, "p": 0, "cy": 0.0, "is_fixed": false, "pz": 0.765, "z": 5.532766710165071, "y": 5.0, "x": 2.0, "sorted_neighbours": [16, 19, 15, 3]}, "2": {"cx": 0.0, "p": 0, "cy": 0.0, "is_fixed": false, "pz": 0.765, "z": 6.356674640515852, "y": 5.0, "x": 5.0, "sorted_neighbours": [22, 7, 10, 4]}, "3": {"cx": 0.0, "p": 0, "cy": 0.0, "is_fixed": true, "pz": 0.0, "z": 0.0, "y": 5.0, "x": 6.0, "sorted_neighbours": [11]}, "4": {"cx": 0.0, "p": 0, "cy": 0.0, "is_fixed": false, "pz": 0.5324074074074073, "z": 2.541112288244785, "y": 8.333333333333334, "x": 0.6666666666666666, "sorted_neighbours": [23, 24, 18, 3]}, "5": {"cx": 0.0, "p": 0, "cy": 0.0, "is_fixed": false, "pz": 0.5324074074074078, "z": 2.367955230936369, "y": 8.333333333333334, "x": 0.3333333333333333, "sorted_neighbours": [24, 14, 5, 26]}, "6": {"cx": 0.0, "p": 0, "cy": 0.0, "is_fixed": false, "pz": 1.1111111111111112, "z": 4.244645817964612, "y": 6.666666666666667, "x": 0.6666666666666666, "sorted_neighbours": [2, 16, 3, 18]}, "7": {"cx": 0.0, "p": 0, "cy": 0.0, "is_fixed": false, "pz": 0.5555555555555555, "z": 3.9306770477611033, "y": 6.666666666666667, "x": 0.0, "sorted_neighbours": [1, 5, 14]}, "8": {"cx": 0.0, "p": 0, "cy": 0.0, "is_fixed": false, "pz": 0.5324074074074076, "z": 2.7418757040363775, "y": 8.333333333333334, "x": 1.0, "sorted_neighbours": [24, 26, 8, 20]}, "9": {"cx": 0.0, "p": 0, "cy": 0.0, "is_fixed": false, "pz": 1.1111111111111114, "z": 4.916248658260116, "y": 6.666666666666667, "x": 2.0, "sorted_neighbours": [23, 3, 15, 25]}, "10": {"cx": 0.0, "p": 0, "cy": 0.0, "is_fixed": false, "pz": 0.5324074074074073, "z": 2.9702486016459257, "y": 8.333333333333334, "x": 1.3333333333333333, "sorted_neighbours": [23, 25, 9, 24]}, "11": {"cx": 0.0, "p": 0, "cy": 0.0, "is_fixed": false, "pz": 1.1111111111111112, "z": 5.273841084898083, "y": 6.666666666666667, "x": 2.6666666666666665, "sorted_neighbours": [8, 7, 22, 20]}, "12": {"cx": 0.0, "p": 0, "cy": 0.0, "is_fixed": false, "pz": 0.38, "z": 4.629524624073176, "y": 5.0, "x": 0.0, "sorted_neighbours": [27, 16, 2]}, "13": {"cx": 0.0, "p": 0, "cy": 0.0, "is_fixed": true, "pz": 0.0, "z": 0.0, "y": 4.0, "x": 0.0, "sorted_neighbours": [1]}, "14": {"cx": 0.0, "p": 0, "cy": 0.0, "is_fixed": false, "pz": 0.5555555555555552, "z": 5.622300281704963, "y": 6.666666666666667, "x": 3.333333333333333, "sorted_neighbours": [11, 0, 9, 25]}, "15": {"cx": 0.0, "p": 0, "cy": 0.0, "is_fixed": false, "pz": 0.26620370370370333, "z": 3.2125437793983322, "y": 8.333333333333334, "x": 1.6666666666666665, "sorted_neighbours": [22, 17, 24, 20]}, "16": {"cx": 0.0, "p": 0, "cy": 0.0, "is_fixed": false, "pz": 0.2662037037037037, "z": 2.210122488536646, "y": 8.333333333333334, "x": 0.0, "sorted_neighbours": [24, 2, 18]}, "17": {"cx": 0.0, "p": 0, "cy": 0.0, "is_fixed": true, "pz": 0.4629629629629626, "z": 0.0, "y": 10.0, "x": 0.0, "sorted_neighbours": [14, 18, 26, 23, 20, 9]}, "18": {"cx": 0.0, "p": 0, "cy": 0.0, "is_fixed": true, "pz": 0.0, "z": 0.0, "y": 7.278974075172365, "x": 3.9401412711238306, "sorted_neighbours": [22]}, "19": {"cx": 0.0, "p": 0, "cy": 0.0, "is_fixed": false, "pz": 0.765, "z": 5.906268047657471, "y": 5.0, "x": 3.0, "sorted_neighbours": [7, 8, 21, 12]}, "20": {"cx": 0.0, "p": 0, "cy": 0.0, "is_fixed": false, "pz": 0.765, "z": 6.186151234111079, "y": 5.0, "x": 4.0, "sorted_neighbours": [11, 25, 15, 6]}, "21": {"cx": 0.0, "p": 0, "cy": 0.0, "is_fixed": true, "pz": 0.0, "z": 0.0, "y": 4.0, "x": 3.0, "sorted_neighbours": [15]}, "22": {"cx": 0.0, "p": 0, "cy": 0.0, "is_fixed": false, "pz": 0.765, "z": 5.09608845248894, "y": 5.0, "x": 1.0, "sorted_neighbours": [1, 13, 21, 5]}, "23": {"cx": 0.0, "p": 0, "cy": 0.0, "is_fixed": true, "pz": 0.0, "z": 0.0, "y": 4.0, "x": 1.0, "sorted_neighbours": [16]}, "24": {"cx": 0.0, "p": 0, "cy": 0.0, "is_fixed": true, "pz": 0.0, "z": 0.0, "y": 4.0, "x": 5.0, "sorted_neighbours": [11]}, "25": {"cx": 0.0, "p": 0, "cy": 0.0, "is_fixed": true, "pz": 0.0, "z": 0.0, "y": 4.0, "x": 4.0, "sorted_neighbours": [7]}, "26": {"cx": 0.0, "p": 0, "cy": 0.0, "is_fixed": true, "pz": 0.0, "z": 0.0, "y": 8.945640741839032, "x": 2.273474604457164, "sorted_neighbours": [9]}, "27": {"cx": 0.0, "p": 0, "cy": 0.0, "is_fixed": true, "pz": 0.0, "z": 0.0, "y": 4.0, "x": 2.0, "sorted_neighbours": [21]}}, "edge": {"0": {"1": {"is_symmetry": false, "q": 1.0408289438027596, "f": 0.0, "l": 0.0, "is_ind": false, "is_element": false, "is_reaction": false, "is_load": false}, "6": {"is_symmetry": false, "q": -4.423230626931858e-15, "f": 0.0, "l": 0.0, "is_ind": false, "is_element": false, "is_reaction": false, "is_load": false}}, "1": {"22": {"is_symmetry": false, "q": 0.3612495586709891, "f": 0.0, "l": 0.0, "is_ind": false, "is_element": false, "is_reaction": false, "is_load": false}, "27": {"is_symmetry": true, "q": 0.0, "f": 0.0, "l": 0.0, "is_ind": false, "is_element": false, "is_reaction": false, "is_load": false}}, "2": {"3": {"is_symmetry": true, "q": 0.0, "f": 0.0, "l": 0.0, "is_ind": false, "is_element": false, "is_reaction": false, "is_load": false}, "20": {"is_symmetry": false, "q": 3.0581254708276457, "f": 0.0, "l": 0.0, "is_ind": false, "is_element": false, "is_reaction": false, "is_load": false}, "24": {"is_symmetry": true, "q": 0.0, "f": 0.0, "l": 0.0, "is_ind": false, "is_element": false, "is_reaction": false, "is_load": false}}, "3": {}, "4": {"5": {"is_symmetry": false, "q": 3.412013155816479e-16, "f": 0.0, "l": 0.0, "is_ind": false, "is_element": false, "is_reaction": false, "is_load": false}, "0": {"is_symmetry": false, "q": 1.0408289438027607, "f": 0.0, "l": 0.0, "is_ind": false, "is_element": false, "is_reaction": false, "is_load": false}}, "5": {"6": {"is_symmetry": false, "q": 1.083748676012955, "f": 0.0, "l": 0.0, "is_ind": false, "is_element": false, "is_reaction": false, "is_load": false}, "16": {"is_symmetry": false, "q": 6.3275498310874985e-15, "f": 0.0, "l": 0.0, "is_ind": false, "is_element": false, "is_reaction": false, "is_load": false}}, "6": {"7": {"is_symmetry": false, "q": -4.658948292727292e-15, "f": 0.0, "l": 0.0, "is_ind": false, "is_element": false, "is_reaction": false, "is_load": false}, "22": {"is_symmetry": false, "q": 1.0837486760129549, "f": 0.0, "l": 0.0, "is_ind": false, "is_element": false, "is_reaction": false, "is_load": false}}, "7": {"12": {"is_symmetry": false, "q": 0.5437523329555164, "f": 0.0, "l": 0.0, "is_ind": false, "is_element": false, "is_reaction": false, "is_load": false}}, "8": {"9": {"is_symmetry": false, "q": 0.9381582866042127, "f": 0.0, "l": 0.0, "is_ind": false, "is_element": false, "is_reaction": false, "is_load": false}, "4": {"is_symmetry": false, "q": 4.803140662336644e-16, "f": 0.0, "l": 0.0, "is_ind": false, "is_element": false, "is_reaction": false, "is_load": false}}, "9": {"19": {"is_symmetry": false, "q": 0.9381582866042119, "f": 0.0, "l": 0.0, "is_ind": false, "is_element": false, "is_reaction": false, "is_load": false}, "0": {"is_symmetry": false, "q": -4.505303893609685e-15, "f": 0.0, "l": 0.0, "is_ind": false, "is_element": false, "is_reaction": false, "is_load": false}}, "10": {"8": {"is_symmetry": false, "q": 1.2768380522945132e-14, "f": 0.0, "l": 0.0, "is_ind": false, "is_element": false, "is_reaction": false,