{"attributes": {"name": "FormDiagram", "color.vertex": [255, 255, 255], "color.edge": [0, 0, 0], "color.face": [0, 255, 255], "color.vertex:is_fixed": [255, 0, 0], "indset": "0.000,4.500,0.000-1.000,4.500,0.000-3.000,4.500,0.000-4.000,4.500,0.000-4.500,5.000,0.000-5.000,4.500,0.000", "loadpath": 115.0530970342541}, "dva": {"x": 0.0, "y": 0.0, "z": 0.0, "is_fixed": false, "cx": 0.0, "cy": 0.0}, "dea": {"q": 1.0, "f": 0.0, "l": 0.0, "is_ind": false, "is_element": false, "is_reaction": false, "is_load": false, "is_symmetry": false}, "dfa": {}, "vertex": {"0": {"cy": 0.0, "p": 0, "sorted_neighbours": [23, 26, 8, 3], "is_fixed": false, "y": 8.333333333333334, "x": 1.3333333333333333, "z": 2.97024855592238, "cx": 0.0, "pz": 0.5324074074074071}, "1": {"cy": 0.0, "p": 0, "sorted_neighbours": [2, 23, 15, 18], "is_fixed": false, "y": 8.333333333333334, "x": 1.0, "z": 2.7418765293987395, "cx": 0.0, "pz": 0.5324074074074072}, "2": {"cy": 0.0, "p": 0, "sorted_neighbours": [17, 13, 2, 18], "is_fixed": false, "y": 6.666666666666667, "x": 2.6666666666666665, "z": 5.273841188582522, "cx": 0.0, "pz": 1.111111111111111}, "3": {"cy": 0.0, "p": 0, "sorted_neighbours": [15, 4, 11, 18], "is_fixed": false, "y": 6.666666666666667, "x": 1.3333333333333333, "z": 4.570702872016952, "cx": 0.0, "pz": 1.111111111111111}, "4": {"cy": 0.0, "p": 0, "sorted_neighbours": [9, 25, 14, 12], "is_fixed": false, "y": 5.0, "x": 2.0, "z": 5.532767565923651, "cx": 0.0, "pz": 0.765}, "5": {"cy": 0.0, "p": 0, "sorted_neighbours": [16, 3, 8, 19], "is_fixed": false, "y": 6.666666666666667, "x": 3.333333333333333, "z": 5.6223005054252155, "cx": 0.0, "pz": 0.5555555555555554}, "6": {"cy": 0.0, "p": 0, "sorted_neighbours": [13], "is_fixed": true, "y": 7.278974075172365, "x": 3.9401412711238306, "z": 0.0, "cx": 0.0, "pz": 0.0}, "7": {"cy": 0.0, "p": 0, "sorted_neighbours": [21, 0, 15, 26, 2, 3], "is_fixed": true, "y": 10.0, "x": 0.0, "z": 0.0, "cx": 0.0, "pz": 0.4629629629629626}, "8": {"cy": 0.0, "p": 0, "sorted_neighbours": [1, 23, 2, 13], "is_fixed": false, "y": 8.333333333333334, "x": 1.6666666666666665, "z": 3.2125438344760857, "cx": 0.0, "pz": 0.2662037037037038}, "9": {"cy": 0.0, "p": 0, "sorted_neighbours": [3], "is_fixed": true, "y": 8.945640741839032, "x": 2.273474604457164, "z": 0.0, "cx": 0.0, "pz": 0.0}, "10": {"cy": 0.0, "p": 0, "sorted_neighbours": [23, 0, 9, 26], "is_fixed": false, "y": 8.333333333333334, "x": 0.6666666666666666, "z": 2.541112739103777, "cx": 0.0, "pz": 0.532407407407408}, "11": {"cy": 0.0, "p": 0, "sorted_neighbours": [9, 12, 8, 26], "is_fixed": false, "y": 6.666666666666667, "x": 2.0, "z": 4.916249940513092, "cx": 0.0, "pz": 1.1111111111111114}, "12": {"cy": 0.0, "p": 0, "sorted_neighbours": [11, 20, 17, 18], "is_fixed": false, "y": 5.0, "x": 3.0, "z": 5.906269017816541, "cx": 0.0, "pz": 0.765}, "13": {"cy": 0.0, "p": 0, "sorted_neighbours": [8, 12, 24, 19], "is_fixed": false, "y": 5.0, "x": 4.0, "z": 6.186151894434503, "cx": 0.0, "pz": 0.765}, "14": {"cy": 0.0, "p": 0, "sorted_neighbours": [15, 23, 21, 4], "is_fixed": false, "y": 8.333333333333334, "x": 0.3333333333333333, "z": 2.3679552668119768, "cx": 0.0, "pz": 0.5324074074074073}, "15": {"cy": 0.0, "p": 0, "sorted_neighbours": [9, 0, 7, 25], "is_fixed": false, "y": 6.666666666666667, "x": 0.6666666666666666, "z": 4.244645925987725, "cx": 0.0, "pz": 1.111111111111111}, "16": {"cy": 0.0, "p": 0, "sorted_neighbours": [22, 4, 21], "is_fixed": false, "y": 6.666666666666667, "x": 0.0, "z": 3.9306766779158075, "cx": 0.0, "pz": 0.5555555555555556}, "17": {"cy": 0.0, "p": 0, "sorted_neighbours": [7, 0, 23], "is_fixed": false, "y": 8.333333333333334, "x": 0.0, "z": 2.210122280581782, "cx": 0.0, "pz": 0.26620370370370366}, "18": {"cy": 0.0, "p": 0, "sorted_neighbours": [27, 25, 7], "is_fixed": false, "y": 5.0, "x": 0.0, "z": 4.629524188471908, "cx": 0.0, "pz": 0.38}, "19": {"cy": 0.0, "p": 0, "sorted_neighbours": [17, 5, 6, 13], "is_fixed": false, "y": 5.0, "x": 5.0, "z": 6.356675269883329, "cx": 0.0, "pz": 0.765}, "20": {"cy": 0.0, "p": 0, "sorted_neighbours": [19], "is_fixed": true, "y": 5.0, "x": 6.0, "z": 0.0, "cx": 0.0, "pz": 0.0}, "21": {"cy": 0.0, "p": 0, "sorted_neighbours": [4, 22, 10, 11], "is_fixed": false, "y": 5.0, "x": 1.0, "z": 5.096088708357428, "cx": 0.0, "pz": 0.765}, "22": {"cy": 0.0, "p": 0, "sorted_neighbours": [11], "is_fixed": true, "y": 4.0, "x": 2.0, "z": 0.0, "cx": 0.0, "pz": 0.0}, "23": {"cy": 0.0, "p": 0, "sorted_neighbours": [17], "is_fixed": true, "y": 4.0, "x": 4.0, "z": 0.0, "cx": 0.0, "pz": 0.0}, "24": {"cy": 0.0, "p": 0, "sorted_neighbours": [22], "is_fixed": true, "y": 4.0, "x": 0.0, "z": 0.0, "cx": 0.0, "pz": 0.0}, "25": {"cy": 0.0, "p": 0, "sorted_neighbours": [25], "is_fixed": true, "y": 4.0, "x": 1.0, "z": 0.0, "cx": 0.0, "pz": 0.0}, "26": {"cy": 0.0, "p": 0, "sorted_neighbours": [19], "is_fixed": true, "y": 4.0, "x": 5.0, "z": 0.0, "cx": 0.0, "pz": 0.0}, "27": {"cy": 0.0, "p": 0, "sorted_neighbours": [12], "is_fixed": true, "y": 4.0, "x": 3.0, "z": 0.0, "cx": 0.0, "pz": 0.0}}, "edge": {"0": {"1": {"is_symmetry": false, "q": -1.0203741049730157e-15, "f": 0.0, "l": 0.0, "is_ind": false, "is_element": false, "is_reaction": false, "is_load": false}, "2": {"is_symmetry": false, "q": 0.7986239810217275, "f": 0.0, "l": 0.0, "is_ind": false, "is_element": false, "is_reaction": false, "is_load": false}}, "1": {"11": {"is_symmetry": false, "q": 0.9381576774713053, "f": 0.0, "l": 0.0, "is_ind": false, "is_element": false, "is_reaction": false, "is_load": false}, "10": {"is_symmetry": false, "q": -4.025176468928546e-15, "f": 0.0, "l": 0.0, "is_ind": false, "is_element": false, "is_reaction": false, "is_load": false}}, "2": {"11": {"is_symmetry": false, "q": 1.3769278182539148e-15, "f": 0.0, "l": 0.0, "is_ind": false, "is_element": false, "is_reaction": false, "is_load": false}, "13": {"is_symmetry": false, "q": 0.7986239810217278, "f": 0.0, "l": 0.0, "is_ind": false, "is_element": false, "is_reaction": false, "is_load": false}}, "3": {"4": {"is_symmetry": false, "q": 1.040828696452617, "f": 0.0, "l": 0.0, "is_ind": false, "is_element": false, "is_reaction": false, "is_load": false}, "15": {"is_symmetry": false, "q": -1.5086564023673562e-15, "f": 0.0, "l": 0.0, "is_ind": false, "is_element": false, "is_reaction": false, "is_load": false}}, "4": {"21": {"is_symmetry": false, "q": 0.3612495853433848, "f": 0.0, "l": 0.0, "is_ind": false, "is_element": false, "is_reaction": false, "is_load": false}, "22": {"is_symmetry": true, "q": 0.0, "f": 0.0, "l": 0.0, "is_ind": false, "is_element": false, "is_reaction": false, "is_load": false}}, "5": {"6": {"is_symmetry": true, "q": 0.0, "f": 0.0, "l": 0.0, "is_ind": false, "is_element": false, "is_reaction": false, "is_load": false}, "19": {"is_symmetry": false, "q": 0.33159935260321194, "f": 0.0, "l": 0.0, "is_ind": false, "is_element": false, "is_reaction": false, "is_load": false}, "2": {"is_symmetry": false, "q": 4.748047465535874e-15, "f": 0.0, "l": 0.0, "is_ind": false, "is_element": false, "is_reaction": false, "is_load": false}}, "6": {}, "7": {"1": {"is_symmetry": false, "q": 0.9381576774713066, "f": 0.0, "l": 0.0, "is_ind": false, "is_element": false, "is_reaction": false, "is_load": false}, "10": {"is_symmetry": false, "q": 1.0408286964526143, "f": 0.0, "l": 0.0, "is_ind": false, "is_element": false, "is_reaction": false, "is_load": false}, "14": {"is_symmetry": false, "q": 1.0837487560301589, "f": 0.0, "l": 0.0, "is_ind": false, "is_element": false, "is_reaction": false, "is_load": false}, "0": {"is_symmetry": false, "q": 0.798623981021729, "f": 0.0, "l": 0.0, "is_ind": false, "is_element": false, "is_reaction": false, "is_load": false}, "8": {"is_symmetry": false, "q": 0.33159935260321005, "f": 0.0, "l": 0.0, "is_ind": false, "is_element": false, "is_reaction": false, "is_load": false}, "17": {"is_symmetry": false, "q": 0.5437523841182735, "f": 0.0, "l": 0.0, "is_ind": false, "is_element": false, "is_reaction": false, "is_load": false}},