{"attributes": {"name": "Form"}, "dva": {"x": 0.0, "y": 0.0, "z": 0.0, "is_fixed": false, "line_constraint": null, "cx": 0.0, "cy": 0.0}, "dea": {"_is_edge": true, "a": 0.0, "q": 1.0, "f": 0.0, "l": 0.0, "is_ind": false, "is_external": false, "is_reaction": false, "is_load": false, "target_vector": null, "target_length": null}, "dfa": {}, "vertex": {"0": {"x": 5.999842473611735, "y": 0.8303533474689845, "z": 0.0, "line_constraint": {"dtype": "compas.geometry/Line", "value": {"start": [6.0, 1.2603986447377271, 0.0], "end": [6.0, 2.2603986447377276, 0.0]}}}, "1": {"x": 7.0, "y": 0.0, "z": 0.0, "is_fixed": true}, "2": {"x": 4.9998470834974515, "y": 1.3836844429883535, "z": 0.0, "line_constraint": {"dtype": "compas.geometry/Line", "value": {"start": [5.0, 1.8642080737036446, 0.0], "end": [5.0, 2.8642080737036446, 0.0]}}}, "3": {"x": 3.9998540304003223, "y": 1.6602185993071166, "z": 0.0, "line_constraint": {"dtype": "compas.geometry/Line", "value": {"start": [4.0, 2.1310436740650065, 0.0], "end": [4.0, 3.1310436740650065, 0.0]}}}, "4": {"x": 2.999862355482195, "y": 1.6600226907633568, "z": 0.0, "line_constraint": {"dtype": "compas.geometry/Line", "value": {"start": [3.0, 2.131043674077269, 0.0], "end": [3.0, 3.1310436740772696, 0.0]}}}, "5": {"x": 1.9998696256176691, "y": 1.3831937223198871, "z": 0.0, "line_constraint": {"dtype": "compas.geometry/Line", "value": {"start": [1.9999999999999996, 1.8642080737002402, 0.0], "end": [1.9999999999999996, 2.86420807370024, 0.0]}}}, "6": {"x": 0.9998735663427135, "y": 0.8297893118580302, "z": 0.0, "line_constraint": {"dtype": "compas.geometry/Line", "value": {"start": [0.9999999999999997, 1.2603986446980737, 0.0], "end": [0.9999999999999997, 2.260398644698074, 0.0]}}}, "7": {"x": 0.0, "y": 0.0, "z": 0.0, "is_fixed": true}, "8": {"x": 8.0, "y": 0.0, "z": 0.0}, "9": {"x": -1.0000000000000004, "y": 0.0, "z": 0.0}, "10": {"x": 0.0, "y": -1.0000000000000004, "z": 0.0}, "11": {"x": 7.0, "y": -1.0000000000000004, "z": 0.0}, "12": {"x": 5.999842473611734, "y": 1.8303533474689846, "z": 0.0}, "13": {"x": 4.999847083497451, "y": 2.3836844429883532, "z": 0.0}, "14": {"x": 3.9998540304003236, "y": 2.660218599307117, "z": 0.0}, "15": {"x": 2.999862355482195, "y": 2.660022690763357, "z": 0.0}, "16": {"x": 1.9998696256176691, "y": 2.3831937223198874, "z": 0.0}, "17": {"x": 0.9998735663427136, "y": 1.8297893118580306, "z": 0.0}}, "face": {"0": [10, 7, 9], "1": [9, 7, 6, 17], "2": [17, 6, 5, 16], "3": [16, 5, 4, 15], "4": [15, 4, 3, 14], "5": [14, 3, 2, 13], "6": [13, 2, 0, 12], "7": [12, 0, 1, 8], "8": [8, 1, 11], "9": [11, 1, 0, 2, 3, 4, 5, 6, 7, 10]}, "facedata": {"0": {}, "1": {}, "2": {}, "3": {}, "4": {}, "5": {}, "6": {}, "7": {}, "8": {}, "9": {}}, "edgedata": {"(8, 11)": {"_is_edge": false}, "(10, 11)": {"_is_edge": false}, "(9, 10)": {"_is_edge": false}, "(9, 17)": {"_is_edge": false}, "(16, 17)": {"_is_edge": false}, "(15, 16)": {"_is_edge": false}, "(14, 15)": {"_is_edge": false}, "(13, 14)": {"_is_edge": false}, "(12, 13)": {"_is_edge": false}, "(8, 12)": {"_is_edge": false}, "(0, 12)": {"is_external": true, "q": -1.0000024843177844, "f": -1.0000024843177844, "l": 1.0, "target_vector": [0.0, 1.0], "is_load": true, "target_length": 1.0, "a": 180.0}, "(1, 8)": {"is_external": true, "q": -3.6146194084295975, "f": -3.6146194084295975, "l": 1.0, "target_vector": [1.0, 0.0], "is_load": false, "is_reaction": true, "a": 179.99997905207596}, "(1, 11)": {"is_external": true, "q": -2.997466976189598, "f": -2.997466976189599, "l": 1.0000000000000004, "target_vector": [0.0, -1.0], "is_load": false, "is_reaction": true, "a": 180.0}, "(2, 13)": {"is_external": true, "q": -1.0000033471122978, "f": -1.0000033471122975, "l": 0.9999999999999998, "target_vector": [0.0, 1.0], "is_load": true, "target_length": 1.0, "a": 180.0}, "(3, 14)": {"is_external": true, "q": -1.0000038061956675, "f": -1.0000038061956678, "l": 1.0000000000000002, "target_vector": [0.0, 1.0], "is_load": true, "target_length": 1.0, "a": 180.0}, "(4, 15)": {"is_external": true, "is_ind": true, "q": -1.0000000000000004, "f": -1.0000000000000004, "l": 1.0, "target_vector": [0.0, 1.0], "is_load": true, "target_length": 1.0, "a": 180.0}, "(5, 16)": {"is_external": true, "q": -0.9999999667428461, "f": -0.9999999667428463, "l": 1.0000000000000002, "target_vector": [0.0, 1.0], "is_load": true, "target_length": 1.0, "a": 180.0}, "(6, 17)": {"is_external": true, "q": -0.9999999733298326, "f": -0.999999973329833, "l": 1.0000000000000004, "target_vector": [0.0, 1.0], "is_load": true, "target_length": 1.0, "a": 180.0}, "(7, 10)": {"is_external": true, "q": -3.0025439085858867, "f": -3.002543908585888, "l": 1.0000000000000004, "target_vector": [0.0, -1.0], "is_load": false, "is_reaction": true, "a": 180.0}, "(7, 9)": {"is_external": true, "q": -3.6146194084290393, "f": -3.614619408429041, "l": 1.0000000000000004, "target_vector": [-1.0, 0.0], "is_load": false, "is_reaction": true, "a": 180.0}, "(0, 2)": {"q": -3.613523599803634, "f": -4.1298102357463025, "l": 1.1428762319334858, "a": 179.9681057676462}, "(0, 1)": {"q": -3.6123441115103945, "f": -4.695771908490776, "l": 1.2999237513193, "a": 179.9673965162892}, "(2, 3)": {"q": -3.6141022760661605, "f": -3.749719931682337, "l": 1.0375245760238396, "a": 179.96888348207202}, "(3, 4)": {"q": -3.614650326555669, "f": -3.61462030366176, "l": 0.9999916941083655, "a": 179.97089983839112}, "(4, 5)": {"q": -3.6151360382748057, "f": -3.751075566590455, "l": 1.0376028804660202, "a": 179.97195170600756}, "(5, 6)": {"q": -3.615561747026529, "f": -4.132270046802622, "l": 1.1429123151336134, "a": 179.97343482004084}, "(6, 7)": {"q": -3.6164491573721107, "f": -4.699015160611765, "l": 1.2993450083579496, "a": 179.97380202496836}}, "max_vertex": 17, "max_face": 9}