{"attributes": {"name": "FormDiagram", "color.vertex": [255, 255, 255], "color.edge": [0, 0, 0], "color.face": [0, 255, 255], "color.vertex:is_fixed": [255, 0, 0], "indset": "0.714,9.286,0.000-0.714,9.700,0.000-3.929,8.914,0.000-5.000,4.500,0.000-5.500,9.750,0.000", "loadpath": 107.44234055491383}, "dva": {"x": 0.0, "y": 0.0, "z": 0.0, "is_fixed": false, "cx": 0.0, "cy": 0.0}, "dea": {"q": 1.0, "f": 0.0, "l": 0.0, "is_ind": false, "is_element": false, "is_reaction": false, "is_load": false, "is_symmetry": false}, "dfa": {}, "vertex": {"0": {"cy": 0.0, "p": 0, "sorted_neighbours": [14, 4, 18, 19], "is_fixed": false, "y": 6.428571428571448, "x": 4.999999999999989, "z": 6.166009844252606, "cx": 0.0, "pz": 1.0961675774535329}, "1": {"cy": 0.0, "p": 0, "sorted_neighbours": [16], "is_fixed": true, "y": 6.428571428571448, "x": 6.0, "z": 0.0, "cx": 0.0, "pz": 0.0}, "2": {"cy": 0.0, "p": 0, "sorted_neighbours": [18, 13, 10, 19], "is_fixed": false, "y": 7.9466226735584975, "x": 2.8571428571457935, "z": 4.679268019762272, "cx": 0.0, "pz": 1.6248953177751493}, "3": {"cy": 0.0, "p": 0, "sorted_neighbours": [11, 10, 2, 14, 16], "is_fixed": false, "y": 7.142857142857142, "x": 2.857142857142848, "z": 5.074000445067168, "cx": 0.0, "pz": 1.1839571104198952}, "4": {"cy": 0.0, "p": 0, "sorted_neighbours": [16, 12, 1, 11], "is_fixed": false, "y": 7.619047619047635, "x": 4.999999999999977, "z": 5.770570337472862, "cx": 0.0, "pz": 1.2078239128371793}, "5": {"cy": 0.0, "p": 0, "sorted_neighbours": [0, 17, 20], "is_fixed": false, "y": 9.877394827759787, "x": 1.4285714285760758, "z": 2.0648416658574242, "cx": 0.0, "pz": 0.391}, "6": {"cy": 0.0, "p": 0, "sorted_neighbours": [8, 17, 10, 13], "is_fixed": false, "y": 9.40003885513459, "x": 1.4285714285944318, "z": 2.344623649477914, "cx": 0.0, "pz": 0.906}, "7": {"cy": 0.0, "p": 0, "sorted_neighbours": [15, 13, 18, 5], "is_fixed": false, "y": 8.809523809523828, "x": 4.999999999999982, "z": 5.1460005245413605, "cx": 0.0, "pz": 1.2315}, "8": {"cy": 0.0, "p": 0, "sorted_neighbours": [9, 19, 11, 20, 17], "is_fixed": false, "y": 8.57142857142857, "x": 1.4285714285714217, "z": 2.8414559730541606, "cx": 0.0, "pz": 0.7063061516600417}, "9": {"cy": 0.0, "p": 0, "sorted_neighbours": [10], "is_fixed": true, "y": 7.864321790242011, "x": 0.7214646473848552, "z": 0.0, "cx": 0.0, "pz": 0.0}, "10": {"cy": 0.0, "p": 0, "sorted_neighbours": [7, 16, 19, 6], "is_fixed": false, "y": 5.000000000000021, "x": 4.999999999999989, "z": 6.430975737987698, "cx": 0.0, "pz": 0.5102040816326521}, "11": {"cy": 0.0, "p": 0, "sorted_neighbours": [14], "is_fixed": true, "y": 5.000000000000021, "x": 6.0, "z": 0.0, "cx": 0.0, "pz": 0.0}, "12": {"cy": 0.0, "p": 0, "sorted_neighbours": [10, 20, 8], "is_fixed": true, "y": 9.999999999999924, "x": 2.6645352591003757e-14, "z": 0.0, "cx": 0.0, "pz": 0.34}, "13": {"cy": 0.0, "p": 0, "sorted_neighbours": [15, 8, 13], "is_fixed": false, "y": 9.795824804462807, "x": 2.857142857142853, "z": 3.688124877547341, "cx": 0.0, "pz": 0.8701}, "14": {"cy": 0.0, "p": 0, "sorted_neighbours": [11, 1, 0, 20], "is_fixed": false, "y": 9.018418549193466, "x": 2.857142857142868, "z": 4.098454981422624, "cx": 0.0, "pz": 1.821}, "15": {"cy": 0.0, "p": 0, "sorted_neighbours": [19], "is_fixed": true, "y": 6.435750361670584, "x": 2.1500360759562813, "z": 0.0, "cx": 0.0, "pz": 0.0}, "16": {"cy": 0.0, "p": 0, "sorted_neighbours": [18], "is_fixed": true, "y": 7.619047619047635, "x": 6.0, "z": 0.0, "cx": 0.0, "pz": 0.0}, "17": {"cy": 0.0, "p": 0, "sorted_neighbours": [0, 1, 3], "is_fixed": false, "y": 9.750000000000032, "x": 4.999999999999985, "z": 4.689024263114125, "cx": 0.0, "pz": 0.611}, "18": {"cy": 0.0, "p": 0, "sorted_neighbours": [15], "is_fixed": true, "y": 9.750000000000032, "x": 6.0, "z": 0.0, "cx": 0.0, "pz": 0.0}, "19": {"cy": 0.0, "p": 0, "sorted_neighbours": [14], "is_fixed": true, "y": 4.0, "x": 4.999999999999989, "z": 0.0, "cx": 0.0, "pz": 0.0}, "20": {"cy": 0.0, "p": 0, "sorted_neighbours": [1], "is_fixed": true, "y": 8.809523809523828, "x": 6.0, "z": 0.0, "cx": 0.0, "pz": 0.0}}, "edge": {"0": {"1": {"is_symmetry": true, "q": 0.0, "f": 0.0, "l": 0.0, "is_ind": false, "is_element": false, "is_reaction": false, "is_load": false}}, "1": {}, "2": {"3": {"is_symmetry": false, "q": 1.8324552945232524, "f": 0.0, "l": 0.0, "is_ind": false, "is_element": false, "is_reaction": false, "is_load": false}, "4": {"is_symmetry": false, "q": 0.9335972450769839, "f": 0.0, "l": 0.0, "is_ind": false, "is_element": false, "is_reaction": false, "is_load": false}}, "3": {"10": {"is_symmetry": false, "q": 0.13867226784879416, "f": 0.0, "l": 0.0, "is_ind": false, "is_element": false, "is_reaction": false, "is_load": false}, "15": {"is_symmetry": true, "q": 0.0, "f": 0.0, "l": 0.0, "is_ind": false, "is_element": false, "is_reaction": false, "is_load": false}, "0": {"is_symmetry": false, "q": 1.0808488387094268, "f": 0.0, "l": 0.0, "is_ind": false, "is_element": false, "is_reaction": false, "is_load": false}}, "4": {"0": {"is_symmetry": false, "q": 0.3795840892800662, "f": 0.0, "l": 0.0, "is_ind": false, "is_element": false, "is_reaction": false, "is_load": false}, "16": {"is_symmetry": true, "q": 0.0, "f": 0.0, "l": 0.0, "is_ind": false, "is_element": false, "is_reaction": false, "is_load": false}}, "5": {"6": {"is_symmetry": false, "q": 0.07867351217608444, "f": 0.0, "l": 0.0, "is_ind": false, "is_element": false, "is_reaction": false, "is_load": false}, "12": {"is_symmetry": false, "q": 0.9151976306793431, "f": 0.0, "l": 0.0, "is_ind": false, "is_element": false, "is_reaction": false, "is_load": false}}, "6": {"8": {"is_symmetry": false, "q": 1.954706452807453, "f": 0.0, "l": 0.0, "is_ind": false, "is_element": false, "is_reaction": false, "is_load": false}, "14": {"is_symmetry": false, "q": 2.555215008679434, "f": 0.0, "l": 0.0, "is_ind": false, "is_element": false, "is_reaction": false, "is_load": false}}, "7": {"4": {"is_symmetry": false, "q": 0.12269262778434331, "f": 0.0, "l": 0.0, "is_ind": false, "is_element": false, "is_reaction": false, "is_load": false}, "20": {"is_symmetry": true, "q": 0.0, "f": 0.0, "l": 0.0, "is_ind": false, "is_element": false, "is_reaction": false, "is_load": false}}, "8": {"3": {"is_symmetry": false, "q": 0.7733546996833487, "f": 0.0, "l": 0.0, "is_ind": false, "is_element": false, "is_reaction": false, "is_load": false}, "9": {"is_symmetry": true, "q": 0.0, "f": 0.0, "l": 0.0, "is_ind": false, "is_element": false, "is_reaction": false, "is_load": false}, "2": {"is_symmetry": false, "q": 1.4003958676051536, "f": 0.0, "l": 0.0, "is_ind": false, "is_element": false, "is_reaction": false, "is_load": false}}, "9": {}, "10": {"11": {"is_symmetry": true, "q": 0.0, "f": 0.0, "l": 0.0, "is_ind": false, "is_element": false, "is_reaction": false, "is_load": false}, "0": {"is_symmetry": false, "q": 0.8567444937547553, "f": 0.0, "l": 0.0, "is_ind": false, "is_element": false, "is_reaction": false, "is_load": false}, "19": {"is_symmetry": true, "q": 0.0, "f": 0.0, "l": 0.0, "is_ind": true, "is_element": false, "is_reaction": false, "is_load": false}}, "11": {}, "12": {"6": {"is_symmetry": false, "q": 4.26237024315538, "f": 0.0, "l": 0.0, "is_ind": true, "is_element": false, "is_reaction": false, "is_load": false}, "8": {"is_symmetry": false, "q": 1.2129026386565824, "f": 0.0, "l": 0.0, "is_ind": true, "is_element": false, "is_reaction": false, "is_load": false}}, "13": {"14": {"is_symmetry": false, "q": 0.06006322104168473, "f": 0.0, "l": 0.0, "is_ind": false, "is_element": false, "is_reaction": false, "is_load": false}, "5": {"is_symmetry": false, "q": 0.9151976306939743, "f": 0.0, "l": 0.0, "is_ind": false, "is_element": false, "is_reaction": false, "is_load": false}}, "14": {"2": {"is_symmetry": false, "q": 0.8431754533187675, "f": 0.0, "l": 0.0, "is_ind": false, "is_element": false, "is_reaction": false, "is_load": false}, "7": {"is_symmetry": false, "q": 0.5653731826697133, "f": 0.0, "l": 0.0, "is_ind": true, "is_element": false,