{"attributes": {"name": "Network", "color.vertex": null, "color.edge": null, "color.face": null, "color.vertex:is_fixed": [255, 0, 0], "loadpath": 220.96068902416104}, "dva": {"x": 0.0, "y": 0.0, "z": 0.0, "is_fixed": false, "cx": 0.0, "cy": 0.0}, "dea": {"q": 1.0, "f": 0.0, "l": 0.0, "is_ind": false, "is_element": false, "is_reaction": false, "is_load": false}, "dfa": {}, "vertex": {"16": {"sorted_neighbours": [24, 10, 18], "is_fixed": false, "y": 7.142857142857146, "x": -7.105427357601002e-15, "z": 3.5826691216842215, "pz": 0.8703157421082854}, "26": {"sorted_neighbours": [0, 14, 23, 17], "is_fixed": false, "y": 7.619047619047635, "x": 4.999999999999977, "z": 5.773359416785122, "pz": 1.208}, "15": {"sorted_neighbours": [28], "is_fixed": true, "y": 4.000000000000012, "x": 1.1904761904761578, "z": 0.0, "pz": 0.0}, "18": {"sorted_neighbours": [16, 29, 25], "is_fixed": false, "y": 8.57142857142857, "x": -8.881784197001252e-15, "z": 2.000402039696764, "pz": 0.3911929706870233}, "25": {"sorted_neighbours": [18, 29, 13, 31, 2], "is_fixed": true, "y": 9.999999999999941, "x": -1.0658141036401503e-14, "z": 0.0, "pz": 0.680272108854484}, "28": {"sorted_neighbours": [15, 21, 10, 24], "is_fixed": false, "y": 5.000000000000012, "x": 1.1904761904761578, "z": 5.145669942932312, "pz": 1.232}, "10": {"sorted_neighbours": [29, 16, 28, 9], "is_fixed": false, "y": 7.142857142857126, "x": 0.981581450806523, "z": 4.0976564112115055, "pz": 1.8214580310908557}, "30": {"sorted_neighbours": [24], "is_fixed": true, "y": 4.0, "x": 0.0, "z": 0.0, "pz": 0.0}, "20": {"sorted_neighbours": [14, 0, 8, 31], "is_fixed": false, "y": 9.018418549193466, "x": 2.857142857142868, "z": 4.097656725303236, "pz": 1.82145803109087}, "17": {"sorted_neighbours": [26], "is_fixed": true, "y": 7.619047619047635, "x": 5.999999999999977, "z": 0.0, "pz": 0.0}, "27": {"sorted_neighbours": [13, 9, 5, 22, 23, 14], "is_fixed": false, "y": 7.142857142857142, "x": 2.857142857142848, "z": 5.0709561728298205, "pz": 2.3679142208397925}, "12": {"sorted_neighbours": [8, 0, 19], "is_fixed": false, "y": 10.000000000000014, "x": 4.999999999999989, "z": 4.560686768876633, "pz": 0.61}, "22": {"sorted_neighbours": [5, 6, 7, 23, 27], "is_fixed": false, "y": 5.000000000000021, "x": 4.999999999999989, "z": 6.439376281355285, "pz": 1.0205}, "19": {"sorted_neighbours": [12], "is_fixed": true, "y": 10.000000000000014, "x": 5.999999999999989, "z": 0.0, "pz": 0.0}, "29": {"sorted_neighbours": [25, 18, 10, 13], "is_fixed": false, "y": 8.571428571405564, "x": 0.5999611448654036, "z": 2.3435730335192737, "pz": 0.9061263769350673}, "11": {"sorted_neighbours": [21], "is_fixed": true, "y": 4.000000000000015, "x": 2.380952380952351, "z": 0.0, "pz": 0.0}, "5": {"sorted_neighbours": [21, 1, 22, 27], "is_fixed": false, "y": 5.000000000000017, "x": 3.5714285714285445, "z": 6.172174302761245, "pz": 1.096}, "4": {"sorted_neighbours": [0], "is_fixed": true, "y": 8.809523809523828, "x": 5.999999999999982, "z": 0.0, "pz": 0.0}, "7": {"sorted_neighbours": [22], "is_fixed": true, "y": 5.000000000000021, "x": 5.999999999999989, "z": 0.0, "pz": 0.0}, "6": {"sorted_neighbours": [22], "is_fixed": true, "y": 4.000000000000021, "x": 4.999999999999989, "z": 0.0, "pz": 0.0}, "1": {"sorted_neighbours": [5], "is_fixed": true, "y": 4.000000000000017, "x": 3.5714285714285445, "z": 0.0, "pz": 0.0}, "0": {"sorted_neighbours": [4, 12, 20, 26], "is_fixed": false, "y": 8.809523809523828, "x": 4.999999999999982, "z": 5.145670344793324, "pz": 1.232}, "3": {"sorted_neighbours": [23], "is_fixed": true, "y": 6.428571428571448, "x": 5.999999999999989, "z": 0.0, "pz": 0.0}, "2": {"sorted_neighbours": [25, 31, 8], "is_fixed": false, "y": 10.000000000000009, "x": 1.42857142857142, "z": 2.0004021994562513, "pz": 0.3911929706870339}, "21": {"sorted_neighbours": [9, 28, 11, 5], "is_fixed": false, "y": 5.000000000000015, "x": 2.380952380952351, "z": 5.773359381786819, "pz": 1.208}, "31": {"sorted_neighbours": [2, 25, 13, 20], "is_fixed": false, "y": 9.40003885513459, "x": 1.4285714285944318, "z": 2.3435732052407228, "pz": 0.9061263769350865}, "9": {"sorted_neighbours": [13, 10, 21, 27], "is_fixed": false, "y": 7.142857142854199, "x": 2.053377326441492, "z": 4.677015145491804, "pz": 1.6248953177751495}, "8": {"sorted_neighbours": [12, 2, 20], "is_fixed": false, "y": 10.00000000000001, "x": 2.8571428571428434, "z": 3.5826694078093633, "pz": 0.870315742108299}, "14": {"sorted_neighbours": [20, 13, 27, 26], "is_fixed": false, "y": 7.9466226735584975, "x": 2.8571428571457935, "z": 4.677015167261112, "pz": 1.6248953177751493}, "24": {"sorted_neighbours": [28, 16, 30], "is_fixed": false, "y": 5.0, "x": 0.0, "z": 4.560686404643461, "pz": 0.61}, "13": {"sorted_neighbours": [9, 27, 14, 31, 25, 29], "is_fixed": false, "y": 8.571428571428571, "x": 1.4285714285714217, "z": 2.8355027981294114, "pz": 1.4126123033200837}, "23": {"sorted_neighbours": [22, 3, 26, 27], "is_fixed": false, "y": 6.428571428571448, "x": 4.999999999999989, "z": 6.172174300635748, "pz": 1.096}}, "edge": {"16": {"10": {"is_ind": false, "q": -4.087088630563953e-15}, "24": {"is_ind": false, "q": 0.6237108593360355}}, "26": {"23": {"is_ind": false, "q": 0.5526978568620894}, "17": {"is_symmetry": true, "is_ind": false, "q": 0.0}}, "15": {}, "18": {"29": {"is_ind": false, "q": 6.763930312189623e-15}, "16": {"is_ind": false, "q": 0.9355662890040577}}, "25": {"31": {"is_ind": false, "q": 1.9704180845769692}, "13": {"is_ind": false, "q": 4.000118610436205}, "18": {"is_ind": false, "q": 0.9355662890040887}, "29": {"is_ind": false, "q": 1.9704184042218287}}, "28": {"21": {"is_ind": false, "q": 0.23050162217508027}, "15": {"is_symmetry": true, "is_ind": false, "q": 0.0}}, "10": {"28": {"is_ind": false, "q": 1.3136122695072991}, "9": {"is_ind": false, "q": 0.44555590487790725}}, "30": {}, "20": {"14": {"is_ind": false, "q": 0.44555583259904336}, "0": {"is_ind": false, "q": 1.3136120564107883}}, "17": {}, "27": {"22": {"is_ind": false, "q": 0.3643570237974023}, "23": {"is_ind": false, "q": 1.0320654022219409}, "5": {"is_ind": false, "q": 1.0320653726973716}}, "12": {"19": {"is_symmetry": true, "is_ind": false, "q": 0.0}, "0": {"is_ind": false, "q": -3.198482796085875e-15}, "8": {"is_ind": false, "q": 0.6237108095242099}}, "22": {"7": {"is_symmetry": true, "is_ind": false, "q": 0.0}, "6": {"is_symmetry": true, "is_ind": false, "q": 0.0}, "23": {"is_ind": false, "q": 0.9766142484960307}, "5": {"is_ind": false, "q": 0.976614251620296}}, "19": {}, "29": {"13": {"is_ind": false, "q": 0.5192100747990923}, "10": {"is_ind": false, "q": 1.9704184042935473}}, "11": {}, "5": {"1": {"is_symmetry": true, "is_ind": false, "q": 0.0}}, "4": {}, "7": {}, "6": {}, "1": {}, "0": {"4": {"is_symmetry": true, "is_ind": false, "q": 0.0}, "26": {"is_ind": false, "q": 0.23050158478269112}}, "3": {}, "2": {"31": {"is_ind": false, "q": -1.05472023123122e-13}, "25": {"is_ind": false, "q": 0.9355662142863117}}, "21": {"11": {"is_symmetry": true, "is_ind": false, "q": 0.0}, "5": {"is_ind": false, "q": 0.5526978783259602}}, "31": {"13": {"is_ind": false, "q": 0.5192099905716041}, "20": {"is_ind": false, "q": 1.970418084648787}}, "9": {"21": {"is_ind": false, "q": 1.1709285134087493}, "27": {"is_ind": false, "q": 1.4822513853038093}}, "8": {"20": {"is_ind": false, "q": 2.028466367384646e-15}, "2": {"is_ind": true, "q": 0.9355662142863163}}, "14": {"26": {"is_ind": false, "q": 1.1709285712962976}, "27": {"is_ind": true, "q": 1.4822513328283289}}, "24": {"28": {"is_ind": false, "q": 3.3360290538942206e-15}, "30": {"is_symmetry": true, "is_ind": true, "q": 0.0}}, "13": {"27": {"is_ind": true, "q": 1.7766985254416665}, "14": {"is_ind": true, "q": 1.7563928569344371}, "9": {"is_ind": true, "q": 1.7563927701031166}}, "23": {"3": {"is_symmetry": true, "is_ind": true, "q": 0.0}}}, "halfedge": {"16": {"18": "None", "10": "None", "24": "None"}, "26": {"14": "None", "0": "None", "23": "None", "17": "None"}, "15": {"28": "None"}, "18": {"25": "None", "29": "None",