{"attributes": {"name": "FormDiagram", "color.vertex": [255, 255, 255], "color.edge": [0, 0, 0], "color.face": [0, 255, 255], "color.vertex:is_fixed": [255, 0, 0], "indset": "3.929,10.000,0.000-5.000,5.714,0.000-5.000,8.214,0.000-5.500,5.000,0.000-5.500,8.810,0.000", "loadpath": 111.69028011215669}, "dva": {"x": 0.0, "y": 0.0, "z": 0.0, "is_fixed": false, "cx": 0.0, "cy": 0.0}, "dea": {"q": 1.0, "f": 0.0, "l": 0.0, "is_ind": false, "is_element": false, "is_reaction": false, "is_load": false, "is_symmetry": false}, "dfa": {}, "vertex": {"0": {"cy": 0.0, "p": 0, "sorted_neighbours": [8, 19, 11, 20, 17], "is_fixed": false, "y": 8.571428571428571, "x": 1.4285714285714217, "z": 2.793876479614839, "cx": 0.0, "pz": 0.706}, "1": {"cy": 0.0, "p": 0, "sorted_neighbours": [18, 14, 10, 19], "is_fixed": false, "y": 7.9466226735584975, "x": 2.8571428571457935, "z": 5.073441461215634, "cx": 0.0, "pz": 1.624895317775149}, "2": {"cy": 0.0, "p": 0, "sorted_neighbours": [10], "is_fixed": true, "y": 7.864321790242024, "x": 0.7214646473848738, "z": 0.0, "cx": 0.0, "pz": 0.0}, "3": {"cy": 0.0, "p": 0, "sorted_neighbours": [14, 2, 17, 10], "is_fixed": false, "y": 9.40003885513459, "x": 1.4285714285944318, "z": 2.2844577313358694, "cx": 0.0, "pz": 0.9061263769350865}, "4": {"cy": 0.0, "p": 0, "sorted_neighbours": [11, 0, 7, 20], "is_fixed": false, "y": 9.018418549193466, "x": 2.857142857142868, "z": 4.03324377118299, "cx": 0.0, "pz": 1.82145803109087}, "5": {"cy": 0.0, "p": 0, "sorted_neighbours": [16, 12, 0, 11], "is_fixed": false, "y": 7.619047619047635, "x": 4.999999999999977, "z": 6.46783083997246, "cx": 0.0, "pz": 1.208}, "6": {"cy": 0.0, "p": 0, "sorted_neighbours": [15, 3, 18, 19], "is_fixed": false, "y": 6.428571428571448, "x": 4.999999999999989, "z": 5.896220897901268, "cx": 0.0, "pz": 1.096}, "7": {"cy": 0.0, "p": 0, "sorted_neighbours": [2, 14, 9], "is_fixed": false, "y": 10.00000000000001, "x": 2.8571428571428434, "z": 3.582637867122835, "cx": 0.0, "pz": 0.870315742108299}, "8": {"cy": 0.0, "p": 0, "sorted_neighbours": [17, 20, 7], "is_fixed": false, "y": 10.000000000000009, "x": 1.42857142857142, "z": 2.000384588548939, "cx": 0.0, "pz": 0.39119297068703385}, "9": {"cy": 0.0, "p": 0, "sorted_neighbours": [10, 20, 2], "is_fixed": true, "y": 9.999999999999941, "x": -1.0658141036401503e-14, "z": 0.0, "cx": 0.0, "pz": 0.34013605442725026}, "10": {"cy": 0.0, "p": 0, "sorted_neighbours": [11, 10, 1, 15, 16], "is_fixed": false, "y": 7.142857142857142, "x": 2.857142857142848, "z": 4.888930663971995, "cx": 0.0, "pz": 1.184}, "11": {"cy": 0.0, "p": 0, "sorted_neighbours": [19], "is_fixed": true, "y": 6.435750361670595, "x": 2.1500360759563, "z": 0.0, "cx": 0.0, "pz": 0.0}, "12": {"cy": 0.0, "p": 0, "sorted_neighbours": [4, 9, 14, 18], "is_fixed": false, "y": 8.809523809523828, "x": 4.999999999999982, "z": 5.093171608983138, "cx": 0.0, "pz": 1.232}, "13": {"cy": 0.0, "p": 0, "sorted_neighbours": [7, 0, 13], "is_fixed": false, "y": 10.000000000000014, "x": 4.999999999999989, "z": 4.5606466180354985, "cx": 0.0, "pz": 0.61}, "14": {"cy": 0.0, "p": 0, "sorted_neighbours": [16, 19, 5, 6], "is_fixed": false, "y": 5.000000000000021, "x": 4.999999999999989, "z": 6.310974596085364, "cx": 0.0, "pz": 0.51}, "15": {"cy": 0.0, "p": 0, "sorted_neighbours": [15], "is_fixed": true, "y": 4.000000000000021, "x": 4.999999999999989, "z": 0.0, "cx": 0.0, "pz": 0.0}, "16": {"cy": 0.0, "p": 0, "sorted_neighbours": [18], "is_fixed": true, "y": 7.619047619047635, "x": 5.999999999999977, "z": 0.0, "cx": 0.0, "pz": 0.0}, "17": {"cy": 0.0, "p": 0, "sorted_neighbours": [9], "is_fixed": true, "y": 10.000000000000014, "x": 5.999999999999989, "z": 0.0, "cx": 0.0, "pz": 0.0}, "18": {"cy": 0.0, "p": 0, "sorted_neighbours": [15], "is_fixed": true, "y": 5.000000000000021, "x": 5.999999999999989, "z": 0.0, "cx": 0.0, "pz": 0.0}, "19": {"cy": 0.0, "p": 0, "sorted_neighbours": [16], "is_fixed": true, "y": 6.428571428571448, "x": 5.999999999999989, "z": 0.0, "cx": 0.0, "pz": 0.0}, "20": {"cy": 0.0, "p": 0, "sorted_neighbours": [0], "is_fixed": true, "y": 8.809523809523828, "x": 5.999999999999982, "z": 0.0, "cx": 0.0, "pz": 0.0}}, "edge": {"0": {"1": {"is_symmetry": false, "q": 0.6709736293735621, "f": 0.0, "l": 0.0, "is_ind": false, "is_element": false, "is_reaction": false, "is_load": false}, "2": {"is_symmetry": true, "q": 0.0, "f": 0.0, "l": 0.0, "is_ind": false, "is_element": false, "is_reaction": false, "is_load": false}, "10": {"is_symmetry": false, "q": 1.5271534222475307, "f": 0.0, "l": 0.0, "is_ind": false, "is_element": false, "is_reaction": false, "is_load": false}}, "1": {"5": {"is_symmetry": false, "q": 0.4473157529193449, "f": 0.0, "l": 0.0, "is_ind": false, "is_element": false, "is_reaction": false, "is_load": false}, "10": {"is_symmetry": false, "q": 1.0198830517460566, "f": 0.0, "l": 0.0, "is_ind": false, "is_element": false, "is_reaction": false, "is_load": false}}, "2": {}, "3": {"0": {"is_symmetry": false, "q": 0.5947771765553322, "f": 0.0, "l": 0.0, "is_ind": false, "is_element": false, "is_reaction": false, "is_load": false}, "4": {"is_symmetry": false, "q": 2.2571979089437866, "f": 0.0, "l": 0.0, "is_ind": false, "is_element": false, "is_reaction": false, "is_load": false}}, "4": {"1": {"is_symmetry": false, "q": 0.5104031989432021, "f": 0.0, "l": 0.0, "is_ind": false, "is_element": false, "is_reaction": false, "is_load": false}, "12": {"is_symmetry": false, "q": 1.504798605937631, "f": 0.0, "l": 0.0, "is_ind": false, "is_element": false, "is_reaction": false, "is_load": false}}, "5": {"6": {"is_symmetry": false, "q": 0.38713415596003886, "f": 0.0, "l": 0.0, "is_ind": false, "is_element": false, "is_reaction": false, "is_load": false}, "16": {"is_symmetry": true, "q": 0.0, "f": 0.0, "l": 0.0, "is_ind": false, "is_element": false, "is_reaction": false, "is_load": false}}, "6": {"19": {"is_symmetry": true, "q": 0.0, "f": 0.0, "l": 0.0, "is_ind": false, "is_element": false, "is_reaction": false, "is_load": false}}, "7": {"4": {"is_symmetry": false, "q": 8.438316807707492e-16, "f": 0.0, "l": 0.0, "is_ind": false, "is_element": false, "is_reaction": false, "is_load": false}, "8": {"is_symmetry": false, "q": 0.9355744507876336, "f": 0.0, "l": 0.0, "is_ind": false, "is_element": false, "is_reaction": false, "is_load": false}}, "8": {"9": {"is_symmetry": false, "q": 0.9355744507876296, "f": 0.0, "l": 0.0, "is_ind": false, "is_element": false, "is_reaction": false, "is_load": false}, "3": {"is_symmetry": false, "q": -9.720697299074277e-14, "f": 0.0, "l": 0.0, "is_ind": false, "is_element": false, "is_reaction": false, "is_load": false}}, "9": {"0": {"is_symmetry": false, "q": 1.8368766655190063, "f": 0.0, "l": 0.0, "is_ind": false, "is_element": false, "is_reaction": false, "is_load": false}, "3": {"is_symmetry": false, "q": 2.257197908861512, "f": 0.0, "l": 0.0, "is_ind": false, "is_element": false, "is_reaction": false, "is_load": false}}, "10": {"6": {"is_symmetry": false, "q": 1.8140641170654683, "f": 0.0, "l": 0.0, "is_ind": false, "is_element": false, "is_reaction": false, "is_load": false}, "11": {"is_symmetry": true, "q": 0.0, "f": 0.0, "l": 0.0, "is_ind": false, "is_element": false, "is_reaction": false, "is_load": false}, "14": {"is_symmetry": false, "q": 4.6666668048899404e-07, "f": 0.0, "l": 0.0, "is_ind": false, "is_element": false, "is_reaction": false, "is_load": false}}, "11": {}, "12": {"5": {"is_symmetry": false, "q": 0.2640493909572963, "f": 0.0, "l": 0.0, "is_ind": true, "is_element": false, "is_reaction": false, "is_load": false}, "20": {"is_symmetry": true, "q": 0.0, "f": 0.0, "l": 0.0, "is_ind": true, "is_element": false, "is_reaction": false, "is_load": false}}, "13": {"12": {"is_symmetry": false, "q": 7.635089602041366e-13, "f": 0.0, "l": 0.0, "is_ind": false, "is_element": false, "is_reaction": false, "is_load": false}, "17": {"is_symmetry": true, "q": 0.0, "f": 0.0, "l": 0.0, "is_ind": false, "is_element": false, "is_reaction": false, "is_load": false},