{"attributes": {"name": "FormDiagram", "color.vertex": [255, 255, 255], "color.edge": [0, 0, 0], "color.face": [0, 255, 255], "color.vertex:is_fixed": [255, 0, 0], "indset": "0.000,9.286,0.000-0.300,9.286,0.000-0.714,9.286,0.000-1.190,4.500,0.000-3.571,4.500,0.000", "loadpath": 115.1277865416649}, "dva": {"x": 0.0, "y": 0.0, "z": 0.0, "is_fixed": false, "cx": 0.0, "cy": 0.0}, "dea": {"q": 1.0, "f": 0.0, "l": 0.0, "is_ind": false, "is_element": false, "is_reaction": false, "is_load": false, "is_symmetry": false}, "dfa": {}, "vertex": {"0": {"cy": 0.0, "p": 0, "sorted_neighbours": [16, 10, 19], "is_fixed": false, "y": 8.57142857142857, "x": -8.881784197001252e-15, "z": 2.000402225094348, "cx": 0.0, "pz": 0.3911929706870233}, "1": {"cy": 0.0, "p": 0, "sorted_neighbours": [15, 5, 11], "is_fixed": false, "y": 7.142857142857146, "x": -7.105427357601002e-15, "z": 3.582669453726582, "cx": 0.0, "pz": 0.8703157421082854}, "2": {"cy": 0.0, "p": 0, "sorted_neighbours": [7, 16, 11, 5], "is_fixed": false, "y": 8.571428571405564, "x": 0.5999611448654036, "z": 2.3287198674192124, "cx": 0.0, "pz": 0.9061263769350671}, "3": {"cy": 0.0, "p": 0, "sorted_neighbours": [4, 17, 9, 16, 19], "is_fixed": false, "y": 8.571428571428571, "x": 1.4285714285714217, "z": 2.768182507732811, "cx": 0.0, "pz": 0.7063061516600371}, "4": {"cy": 0.0, "p": 0, "sorted_neighbours": [7, 4, 2, 14, 12], "is_fixed": false, "y": 7.142857142857142, "x": 2.857142857142848, "z": 4.974069754490786, "cx": 0.0, "pz": 1.1839571104198972}, "5": {"cy": 0.0, "p": 0, "sorted_neighbours": [2, 4, 18, 6], "is_fixed": false, "y": 5.000000000000015, "x": 2.380952380952351, "z": 5.785554386190381, "cx": 0.0, "pz": 1.208}, "6": {"cy": 0.0, "p": 0, "sorted_neighbours": [13], "is_fixed": true, "y": 4.000000000000015, "x": 2.380952380952351, "z": 0.0, "cx": 0.0, "pz": 0.0}, "7": {"cy": 0.0, "p": 0, "sorted_neighbours": [17, 7, 5, 13], "is_fixed": false, "y": 7.142857142854199, "x": 2.053377326441492, "z": 4.63246045331366, "cx": 0.0, "pz": 1.6248953177751493}, "8": {"cy": 0.0, "p": 0, "sorted_neighbours": [2, 1, 3, 17], "is_fixed": false, "y": 5.000000000000021, "x": 4.999999999999989, "z": 6.597463928610375, "cx": 0.0, "pz": 1.0205}, "9": {"cy": 0.0, "p": 0, "sorted_neighbours": [14], "is_fixed": true, "y": 5.000000000000021, "x": 5.999999999999989, "z": 0.0, "cx": 0.0, "pz": 0.0}, "10": {"cy": 0.0, "p": 0, "sorted_neighbours": [10, 18, 4, 19], "is_fixed": false, "y": 7.142857142857126, "x": 0.981581450806523, "z": 4.081182814732401, "cx": 0.0, "pz": 1.8214580310908557}, "11": {"cy": 0.0, "p": 0, "sorted_neighbours": [0, 14, 17, 13], "is_fixed": false, "y": 5.000000000000017, "x": 3.5714285714285445, "z": 6.262777430366387, "cx": 0.0, "pz": 1.096}, "12": {"cy": 0.0, "p": 0, "sorted_neighbours": [2], "is_fixed": true, "y": 4.000000000000017, "x": 3.5714285714285445, "z": 0.0, "cx": 0.0, "pz": 0.0}, "13": {"cy": 0.0, "p": 0, "sorted_neighbours": [7], "is_fixed": true, "y": 9.258415434749896, "x": 2.141314481023145, "z": 0.0, "cx": 0.0, "pz": 0.0}, "14": {"cy": 0.0, "p": 0, "sorted_neighbours": [5, 15, 8, 13], "is_fixed": false, "y": 5.000000000000012, "x": 1.1904761904761578, "z": 5.134503883075522, "cx": 0.0, "pz": 1.232}, "15": {"cy": 0.0, "p": 0, "sorted_neighbours": [18, 10, 20], "is_fixed": false, "y": 5.0, "x": 0.0, "z": 4.560686827328626, "cx": 0.0, "pz": 0.61}, "16": {"cy": 0.0, "p": 0, "sorted_neighbours": [18], "is_fixed": true, "y": 4.000000000000012, "x": 1.1904761904761578, "z": 0.0, "cx": 0.0, "pz": 0.0}, "17": {"cy": 0.0, "p": 0, "sorted_neighbours": [14], "is_fixed": true, "y": 4.000000000000021, "x": 4.999999999999989, "z": 0.0, "cx": 0.0, "pz": 0.0}, "18": {"cy": 0.0, "p": 0, "sorted_neighbours": [11, 19, 7], "is_fixed": true, "y": 9.999999999999941, "x": -1.0658141036401503e-14, "z": 0.0, "cx": 0.0, "pz": 0.3401360544272338}, "19": {"cy": 0.0, "p": 0, "sorted_neighbours": [15], "is_fixed": true, "y": 4.0, "x": 0.0, "z": 0.0, "cx": 0.0, "pz": 0.0}, "20": {"cy": 0.0, "p": 0, "sorted_neighbours": [17], "is_fixed": true, "y": 7.829844006178467, "x": 3.569885909594571, "z": 0.0, "cx": 0.0, "pz": 0.0}}, "edge": {"0": {"1": {"is_symmetry": false, "q": 0.9355666675677303, "f": 0.0, "l": 0.0, "is_ind": false, "is_element": false, "is_reaction": false, "is_load": false}, "2": {"is_symmetry": false, "q": -1.906280685541591e-10, "f": 0.0, "l": 0.0, "is_ind": false, "is_element": false, "is_reaction": false, "is_load": false}}, "1": {"15": {"is_symmetry": false, "q": 0.6237111117118177, "f": 0.0, "l": 0.0, "is_ind": false, "is_element": false, "is_reaction": false, "is_load": false}, "10": {"is_symmetry": false, "q": 4.776954658682943e-12, "f": 0.0, "l": 0.0, "is_ind": false, "is_element": false, "is_reaction": false, "is_load": false}}, "2": {"3": {"is_symmetry": false, "q": 1.5149839673257572, "f": 0.0, "l": 0.0, "is_ind": false, "is_element": false, "is_reaction": false, "is_load": false}, "10": {"is_symmetry": false, "q": 2.421917130394275, "f": 0.0, "l": 0.0, "is_ind": false, "is_element": false, "is_reaction": false, "is_load": false}}, "3": {"4": {"is_symmetry": false, "q": 1.5898113828686313, "f": 0.0, "l": 0.0, "is_ind": false, "is_element": false, "is_reaction": false, "is_load": false}, "7": {"is_symmetry": false, "q": 0.7322475290660736, "f": 0.0, "l": 0.0, "is_ind": false, "is_element": false, "is_reaction": false, "is_load": false}, "13": {"is_symmetry": true, "q": 0.0, "f": 0.0, "l": 0.0, "is_ind": false, "is_element": false, "is_reaction": false, "is_load": false}}, "4": {"8": {"is_symmetry": false, "q": 0.8215274990979959, "f": 0.0, "l": 0.0, "is_ind": false, "is_element": false, "is_reaction": false, "is_load": false}, "11": {"is_symmetry": false, "q": 0.7128034914432533, "f": 0.0, "l": 0.0, "is_ind": false, "is_element": false, "is_reaction": false, "is_load": false}, "20": {"is_symmetry": true, "q": 0.0, "f": 0.0, "l": 0.0, "is_ind": false, "is_element": false, "is_reaction": false, "is_load": false}}, "5": {"6": {"is_symmetry": true, "q": 0.0, "f": 0.0, "l": 0.0, "is_ind": false, "is_element": false, "is_reaction": false, "is_load": false}, "11": {"is_symmetry": false, "q": 0.27598422408924883, "f": 0.0, "l": 0.0, "is_ind": false, "is_element": false, "is_reaction": false, "is_load": false}}, "6": {}, "7": {"5": {"is_symmetry": false, "q": 0.48816501938182605, "f": 0.0, "l": 0.0, "is_ind": false, "is_element": false, "is_reaction": false, "is_load": false}, "4": {"is_symmetry": false, "q": 1.31034815898547, "f": 0.0, "l": 0.0, "is_ind": false, "is_element": false, "is_reaction": false, "is_load": false}}, "8": {"9": {"is_symmetry": true, "q": 0.0, "f": 0.0, "l": 0.0, "is_ind": false, "is_element": false, "is_reaction": false, "is_load": false}, "17": {"is_symmetry": true, "q": 0.0, "f": 0.0, "l": 0.0, "is_ind": false, "is_element": false, "is_reaction": false, "is_load": false}, "11": {"is_symmetry": false, "q": 0.5863885991293205, "f": 0.0, "l": 0.0, "is_ind": false, "is_element": false, "is_reaction": false, "is_load": false}}, "9": {}, "10": {"14": {"is_symmetry": false, "q": 0.8073059434511932, "f": 0.0, "l": 0.0, "is_ind": false, "is_element": false, "is_reaction": false, "is_load": false}, "7": {"is_symmetry": false, "q": 0.7049950541523395, "f": 0.0, "l": 0.0, "is_ind": false, "is_element": false, "is_reaction": false, "is_load": false}}, "11": {"12": {"is_symmetry": true, "q": 0.0, "f": 0.0, "l": 0.0, "is_ind": true, "is_element": false, "is_reaction": false, "is_load": false}}, "12": {}, "13": {}, "14": {"5": {"is_symmetry": false, "q": 0.1416592505084411, "f": 0.0, "l": 0.0, "is_ind": false, "is_element": false, "is_reaction": false, "is_load": false}, "16": {"is_symmetry": true, "q": 0.0, "f": 0.0, "l": 0.0, "is_ind": true, "is_element": false, "is_reaction": false, "is_load": false}}, "15": {"14": {"is_symmetry": false, "q": 1.689622765826475e-14, "f": 0.0, "l": 0.0, "is_ind": false, "is_element": false, "is_reaction": false, "is_load": false}, "19": {"is_symmetry": true,