{"attributes": {"name": "FormDiagram", "color.vertex": [255, 255, 255], "color.edge": [0, 0, 0], "color.face": [0, 255, 255], "color.vertex:is_fixed": [255, 0, 0], "loadpath": 220.94680138382063}, "dva": {"x": 0.0, "y": 0.0, "z": 0.0, "is_fixed": false, "cx": 0.0, "cy": 0.0}, "dea": {"q": 1.0, "f": 0.0, "l": 0.0, "is_ind": false, "is_element": false, "is_reaction": false, "is_load": false, "is_symmetry": false}, "dfa": {}, "vertex": {"0": {"cy": 0.0, "p": 0, "sorted_neighbours": [22, 3, 26, 27], "is_fixed": false, "y": 6.428571428571448, "x": 4.999999999999989, "z": 6.185128145962152, "cx": 0.0, "pz": 1.096}, "1": {"cy": 0.0, "p": 0, "sorted_neighbours": [23], "is_fixed": true, "y": 6.428571428571448, "x": 5.999999999999989, "z": 0.0, "cx": 0.0, "pz": 0.0}, "2": {"cy": 0.0, "p": 0, "sorted_neighbours": [2, 25, 13, 20], "is_fixed": false, "y": 9.40003885513459, "x": 1.4285714285944318, "z": 2.358279632883923, "cx": 0.0, "pz": 0.9061263769350865}, "3": {"cy": 0.0, "p": 0, "sorted_neighbours": [9, 27, 14, 31, 25, 29], "is_fixed": false, "y": 8.571428571428571, "x": 1.4285714285714217, "z": 2.8196111456051747, "cx": 0.0, "pz": 1.4126123033200837}, "4": {"cy": 0.0, "p": 0, "sorted_neighbours": [9, 28, 11, 5], "is_fixed": false, "y": 5.000000000000015, "x": 2.380952380952351, "z": 5.736643023785952, "cx": 0.0, "pz": 1.208}, "5": {"cy": 0.0, "p": 0, "sorted_neighbours": [21, 1, 22, 27], "is_fixed": false, "y": 5.000000000000017, "x": 3.5714285714285445, "z": 6.184761603713181, "cx": 0.0, "pz": 1.096}, "6": {"cy": 0.0, "p": 0, "sorted_neighbours": [15, 21, 10, 24], "is_fixed": false, "y": 5.000000000000012, "x": 1.1904761904761578, "z": 5.1559592771443485, "cx": 0.0, "pz": 1.232}, "7": {"cy": 0.0, "p": 0, "sorted_neighbours": [18, 29, 13, 31, 2], "is_fixed": true, "y": 9.999999999999941, "x": -1.0658141036401503e-14, "z": 0.0, "cx": 0.0, "pz": 0.680272108854484}, "8": {"cy": 0.0, "p": 0, "sorted_neighbours": [29, 16, 28, 9], "is_fixed": false, "y": 7.142857142857126, "x": 0.981581450806523, "z": 4.105125809259704, "cx": 0.0, "pz": 1.8214580310908557}, "9": {"cy": 0.0, "p": 0, "sorted_neighbours": [5, 6, 7, 23, 27], "is_fixed": false, "y": 5.000000000000021, "x": 4.999999999999989, "z": 6.3541064855307114, "cx": 0.0, "pz": 1.0205}, "10": {"cy": 0.0, "p": 0, "sorted_neighbours": [25, 18, 10, 13], "is_fixed": false, "y": 8.571428571405564, "x": 0.5999611448654036, "z": 2.3474205615383443, "cx": 0.0, "pz": 0.9061263769350673}, "11": {"cy": 0.0, "p": 0, "sorted_neighbours": [22], "is_fixed": true, "y": 4.000000000000021, "x": 4.999999999999989, "z": 0.0, "cx": 0.0, "pz": 0.0}, "12": {"cy": 0.0, "p": 0, "sorted_neighbours": [13, 9, 5, 22, 23, 14], "is_fixed": false, "y": 7.142857142857142, "x": 2.857142857142848, "z": 5.047608991713008, "cx": 0.0, "pz": 2.3679142208397925}, "13": {"cy": 0.0, "p": 0, "sorted_neighbours": [0, 14, 23, 17], "is_fixed": false, "y": 7.619047619047635, "x": 4.999999999999977, "z": 5.739399342545214, "cx": 0.0, "pz": 1.208}, "14": {"cy": 0.0, "p": 0, "sorted_neighbours": [26], "is_fixed": true, "y": 7.619047619047635, "x": 5.999999999999977, "z": 0.0, "cx": 0.0, "pz": 0.0}, "15": {"cy": 0.0, "p": 0, "sorted_neighbours": [20, 13, 27, 26], "is_fixed": false, "y": 7.9466226735584975, "x": 2.8571428571457935, "z": 4.645483652078607, "cx": 0.0, "pz": 1.6248953177751493}, "16": {"cy": 0.0, "p": 0, "sorted_neighbours": [25, 31, 8], "is_fixed": false, "y": 10.000000000000009, "x": 1.42857142857142, "z": 2.023358716213748, "cx": 0.0, "pz": 0.3911929706870339}, "17": {"cy": 0.0, "p": 0, "sorted_neighbours": [12, 2, 20], "is_fixed": false, "y": 10.00000000000001, "x": 2.8571428571428434, "z": 3.623689595722018, "cx": 0.0, "pz": 0.870315742108299}, "18": {"cy": 0.0, "p": 0, "sorted_neighbours": [22], "is_fixed": true, "y": 5.000000000000021, "x": 5.999999999999989, "z": 0.0, "cx": 0.0, "pz": 0.0}, "19": {"cy": 0.0, "p": 0, "sorted_neighbours": [21], "is_fixed": true, "y": 4.000000000000015, "x": 2.380952380952351, "z": 0.0, "cx": 0.0, "pz": 0.0}, "20": {"cy": 0.0, "p": 0, "sorted_neighbours": [24, 10, 18], "is_fixed": false, "y": 7.142857142857146, "x": -7.105427357601002e-15, "z": 3.5828001455358325, "cx": 0.0, "pz": 0.8703157421082854}, "21": {"cy": 0.0, "p": 0, "sorted_neighbours": [14, 0, 8, 31], "is_fixed": false, "y": 9.018418549193466, "x": 2.857142857142868, "z": 4.124990614931123, "cx": 0.0, "pz": 1.82145803109087}, "22": {"cy": 0.0, "p": 0, "sorted_neighbours": [13, 10, 21, 27], "is_fixed": false, "y": 7.142857142854199, "x": 2.053377326441492, "z": 4.643870848605661, "cx": 0.0, "pz": 1.6248953177751495}, "23": {"cy": 0.0, "p": 0, "sorted_neighbours": [28, 16, 30], "is_fixed": false, "y": 5.0, "x": 0.0, "z": 4.560842420856582, "cx": 0.0, "pz": 0.61}, "24": {"cy": 0.0, "p": 0, "sorted_neighbours": [4, 12, 20, 26], "is_fixed": false, "y": 8.809523809523828, "x": 4.999999999999982, "z": 5.181215594547914, "cx": 0.0, "pz": 1.232}, "25": {"cy": 0.0, "p": 0, "sorted_neighbours": [0], "is_fixed": true, "y": 8.809523809523828, "x": 5.999999999999982, "z": 0.0, "cx": 0.0, "pz": 0.0}, "26": {"cy": 0.0, "p": 0, "sorted_neighbours": [16, 29, 25], "is_fixed": false, "y": 8.57142857142857, "x": -8.881784197001252e-15, "z": 2.0004428935415874, "cx": 0.0, "pz": 0.3911929706870233}, "27": {"cy": 0.0, "p": 0, "sorted_neighbours": [8, 0, 19], "is_fixed": false, "y": 10.000000000000014, "x": 4.999999999999989, "z": 4.6123091962222, "cx": 0.0, "pz": 0.61}, "28": {"cy": 0.0, "p": 0, "sorted_neighbours": [5], "is_fixed": true, "y": 4.000000000000017, "x": 3.5714285714285445, "z": 0.0, "cx": 0.0, "pz": 0.0}, "29": {"cy": 0.0, "p": 0, "sorted_neighbours": [12], "is_fixed": true, "y": 10.000000000000014, "x": 5.999999999999989, "z": 0.0, "cx": 0.0, "pz": 0.0}, "30": {"cy": 0.0, "p": 0, "sorted_neighbours": [28], "is_fixed": true, "y": 4.000000000000012, "x": 1.1904761904761578, "z": 0.0, "cx": 0.0, "pz": 0.0}, "31": {"cy": 0.0, "p": 0, "sorted_neighbours": [24], "is_fixed": true, "y": 4.0, "x": 0.0, "z": 0.0, "cx": 0.0, "pz": 0.0}}, "edge": {"0": {"1": {"is_symmetry": true, "q": 0.0, "f": 0.0, "l": 0.0, "is_ind": false, "is_element": false, "is_reaction": false, "is_load": false}}, "1": {}, "2": {"3": {"is_symmetry": false, "q": 0.50825943207854, "f": 0.0, "l": 0.0, "is_ind": false, "is_element": false, "is_reaction": false, "is_load": false}, "21": {"is_symmetry": false, "q": 1.9278928887727407, "f": 0.0, "l": 0.0, "is_ind": false, "is_element": false, "is_reaction": false, "is_load": false}}, "3": {"12": {"is_symmetry": false, "q": 1.734375, "f": 0.0, "l": 0.0, "is_ind": false, "is_element": false, "is_reaction": false, "is_load": false}, "15": {"is_symmetry": false, "q": 1.826874251933791, "f": 0.0, "l": 0.0, "is_ind": false, "is_element": false, "is_reaction": false, "is_load": false}, "22": {"is_symmetry": false, "q": 1.8223309020894876, "f": 0.0, "l": 0.0, "is_ind": false, "is_element": false, "is_reaction": false, "is_load": false}}, "4": {"5": {"is_symmetry": false, "q": 0.5621073154792778, "f": 0.0, "l": 0.0, "is_ind": false, "is_element": false, "is_reaction": false, "is_load": false}, "19": {"is_symmetry": true, "q": 0.0, "f": 0.0, "l": 0.0, "is_ind": false, "is_element": false, "is_reaction": false, "is_load": false}}, "5": {"28": {"is_symmetry": true, "q": 0.0, "f": 0.0, "l": 0.0, "is_ind": false, "is_element": false, "is_reaction": false, "is_load": false}}, "6": {"4": {"is_symmetry": false, "q": 0.2278131329993408, "f": 0.0, "l": 0.0, "is_ind": false, "is_element": false, "is_reaction": false, "is_load": false}, "30": {"is_symmetry": true, "q": 0.0, "f": 0.0, "l": 0.0, "is_ind": false, "is_element": false, "is_reaction": false, "is_load": false}}, "7": {"2": {"is_symmetry": false, "q": 1.927921422818161, "f": 0.0, "l": 0.0, "is_ind": false, "is_element": false, "is_reaction": false, "is_load": false}, "10": {"is_symmetry": false, "q": 1.9474135756391675, "f": 0.0, "l": 0.0, "is_ind": false, "is_element": false, "is_reaction": false,