{"attributes": {"name": "FormDiagram", "color.vertex": [255, 255, 255], "color.edge": [0, 0, 0], "color.face": [0, 255, 255], "color.vertex:is_fixed": [255, 0, 0], "indset": "0.000,9.286,0.000-0.300,9.286,0.000-0.714,9.286,0.000-1.741,7.857,0.000-3.214,6.071,0.000", "loadpath": 117.01869246065371}, "dva": {"x": 0.0, "y": 0.0, "z": 0.0, "is_fixed": false, "cx": 0.0, "cy": 0.0}, "dea": {"q": 1.0, "f": 0.0, "l": 0.0, "is_ind": false, "is_element": false, "is_reaction": false, "is_load": false, "is_symmetry": false}, "dfa": {}, "vertex": {"0": {"cx": 0.0, "p": 0, "cy": 0.0, "is_fixed": false, "pz": 1.821458031090856, "z": 4.081183850182737, "y": 7.142857142857126, "x": 0.981581450806523, "sorted_neighbours": [8, 16, 4, 20]}, "1": {"cx": 0.0, "p": 0, "cy": 0.0, "is_fixed": false, "pz": 1.232, "z": 5.134505199818994, "y": 5.000000000000012, "x": 1.1904761904761578, "sorted_neighbours": [1, 15, 3, 13]}, "2": {"cx": 0.0, "p": 0, "cy": 0.0, "is_fixed": false, "pz": 1.208, "z": 5.785555020016311, "y": 5.000000000000015, "x": 2.380952380952351, "sorted_neighbours": [4, 9, 0, 20]}, "3": {"cx": 0.0, "p": 0, "cy": 0.0, "is_fixed": true, "pz": 0.0, "z": 0.0, "y": 4.000000000000015, "x": 2.380952380952351, "sorted_neighbours": [3]}, "4": {"cx": 0.0, "p": 0, "cy": 0.0, "is_fixed": false, "pz": 0.61, "z": 4.5606866759402855, "y": 5.0, "x": 0.0, "sorted_neighbours": [4, 16, 18]}, "5": {"cx": 0.0, "p": 0, "cy": 0.0, "is_fixed": false, "pz": 1.096, "z": 6.262777481959161, "y": 5.000000000000017, "x": 3.5714285714285445, "sorted_neighbours": [10, 11, 3, 12]}, "6": {"cx": 0.0, "p": 0, "cy": 0.0, "is_fixed": true, "pz": 0.0, "z": 0.0, "y": 4.000000000000017, "x": 3.5714285714285445, "sorted_neighbours": [0]}, "7": {"cx": 0.0, "p": 0, "cy": 0.0, "is_fixed": false, "pz": 1.0205, "z": 6.597464633906834, "y": 5.000000000000021, "x": 4.999999999999989, "sorted_neighbours": [11, 0, 7, 5]}, "8": {"cx": 0.0, "p": 0, "cy": 0.0, "is_fixed": false, "pz": 0.8703157421082852, "z": 3.5826693348027425, "y": 7.142857142857146, "x": -7.105427357601002e-15, "sorted_neighbours": [1, 13, 2]}, "9": {"cx": 0.0, "p": 0, "cy": 0.0, "is_fixed": false, "pz": 0.3911929706870234, "z": 2.0004021586926015, "y": 8.57142857142857, "x": -8.881784197001252e-15, "sorted_neighbours": [16, 8, 17]}, "10": {"cx": 0.0, "p": 0, "cy": 0.0, "is_fixed": false, "pz": 1.6248953177751502, "z": 4.632460963530549, "y": 7.142857142854199, "x": 2.053377326441492, "sorted_neighbours": [3, 11, 19, 13]}, "11": {"cx": 0.0, "p": 0, "cy": 0.0, "is_fixed": false, "pz": 1.1839571104198976, "z": 4.974070058830328, "y": 7.142857142857142, "x": 2.857142857142848, "sorted_neighbours": [0, 10, 6, 19, 20]}, "12": {"cx": 0.0, "p": 0, "cy": 0.0, "is_fixed": false, "pz": 0.706306151660037, "z": 2.7681827394570675, "y": 8.571428571428571, "x": 1.4285714285714217, "sorted_neighbours": [8, 20, 11, 14, 17]}, "13": {"cx": 0.0, "p": 0, "cy": 0.0, "is_fixed": true, "pz": 0.0, "z": 0.0, "y": 9.258415434749896, "x": 2.141314481023145, "sorted_neighbours": [19]}, "14": {"cx": 0.0, "p": 0, "cy": 0.0, "is_fixed": false, "pz": 0.9061263769350674, "z": 2.328720438743306, "y": 8.571428571405564, "x": 0.5999611448654036, "sorted_neighbours": [19, 17, 2, 13]}, "15": {"cx": 0.0, "p": 0, "cy": 0.0, "is_fixed": true, "pz": 0.34013605442723377, "z": 0.0, "y": 9.999999999999941, "x": -1.0658141036401503e-14, "sorted_neighbours": [2, 8, 19]}, "16": {"cx": 0.0, "p": 0, "cy": 0.0, "is_fixed": true, "pz": 0.0, "z": 0.0, "y": 5.000000000000021, "x": 5.999999999999989, "sorted_neighbours": [10]}, "17": {"cx": 0.0, "p": 0, "cy": 0.0, "is_fixed": true, "pz": 0.0, "z": 0.0, "y": 4.000000000000012, "x": 1.1904761904761578, "sorted_neighbours": [4]}, "18": {"cx": 0.0, "p": 0, "cy": 0.0, "is_fixed": true, "pz": 0.0, "z": 0.0, "y": 7.829844006178467, "x": 3.569885909594571, "sorted_neighbours": [11]}, "19": {"cx": 0.0, "p": 0, "cy": 0.0, "is_fixed": true, "pz": 0.0, "z": 0.0, "y": 4.000000000000021, "x": 4.999999999999989, "sorted_neighbours": [10]}, "20": {"cx": 0.0, "p": 0, "cy": 0.0, "is_fixed": true, "pz": 0.0, "z": 0.0, "y": 4.0, "x": 0.0, "sorted_neighbours": [1]}}, "edge": {"0": {"1": {"is_symmetry": false, "q": 1.3119214573128013, "f": 0.0, "l": 0.0, "is_ind": false, "is_element": false, "is_reaction": false, "is_load": false}, "10": {"is_symmetry": false, "q": 0.4449824088967974, "f": 0.0, "l": 0.0, "is_ind": false, "is_element": false, "is_reaction": false, "is_load": false}}, "1": {"2": {"is_symmetry": false, "q": 0.23020493268558542, "f": 0.0, "l": 0.0, "is_ind": false, "is_element": false, "is_reaction": false, "is_load": false}, "17": {"is_symmetry": true, "q": 0.0, "f": 0.0, "l": 0.0, "is_ind": false, "is_element": false, "is_reaction": false, "is_load": false}}, "2": {"3": {"is_symmetry": true, "q": 0.0, "f": 0.0, "l": 0.0, "is_ind": false, "is_element": false, "is_reaction": false, "is_load": false}, "5": {"is_symmetry": false, "q": 0.5447403865540099, "f": 0.0, "l": 0.0, "is_ind": false, "is_element": false, "is_reaction": false, "is_load": false}}, "3": {}, "4": {"1": {"is_symmetry": false, "q": 1.1340067657047899e-15, "f": 0.0, "l": 0.0, "is_ind": false, "is_element": false, "is_reaction": false, "is_load": false}, "20": {"is_symmetry": true, "q": 0.0, "f": 0.0, "l": 0.0, "is_ind": false, "is_element": false, "is_reaction": false, "is_load": false}}, "5": {"6": {"is_symmetry": true, "q": 0.0, "f": 0.0, "l": 0.0, "is_ind": false, "is_element": false, "is_reaction": false, "is_load": false}}, "6": {}, "7": {"5": {"is_symmetry": false, "q": 0.8944714761473406, "f": 0.0, "l": 0.0, "is_ind": false, "is_element": false, "is_reaction": false, "is_load": false}, "16": {"is_symmetry": true, "q": 0.0, "f": 0.0, "l": 0.0, "is_ind": false, "is_element": false, "is_reaction": false, "is_load": false}, "19": {"is_symmetry": true, "q": 0.0, "f": 0.0, "l": 0.0, "is_ind": false, "is_element": false, "is_reaction": false, "is_load": false}}, "8": {"0": {"is_symmetry": false, "q": -2.41739119806701e-15, "f": 0.0, "l": 0.0, "is_ind": false, "is_element": false, "is_reaction": false, "is_load": false}, "4": {"is_symmetry": false, "q": 0.623710822233993, "f": 0.0, "l": 0.0, "is_ind": false, "is_element": false, "is_reaction": false, "is_load": false}}, "9": {"8": {"is_symmetry": false, "q": 0.9355662333509983, "f": 0.0, "l": 0.0, "is_ind": false, "is_element": false, "is_reaction": false, "is_load": false}, "14": {"is_symmetry": false, "q": -1.286836207847633e-15, "f": 0.0, "l": 0.0, "is_ind": false, "is_element": false, "is_reaction": false, "is_load": false}}, "10": {"11": {"is_symmetry": false, "q": 1.4603700559693, "f": 0.0, "l": 0.0, "is_ind": false, "is_element": false, "is_reaction": false, "is_load": false}, "2": {"is_symmetry": false, "q": 1.143087557293117, "f": 0.0, "l": 0.0, "is_ind": false, "is_element": false, "is_reaction": false, "is_load": false}}, "11": {"18": {"is_symmetry": true, "q": 0.0, "f": 0.0, "l": 0.0, "is_ind": false, "is_element": false, "is_reaction": false, "is_load": false}, "7": {"is_symmetry": false, "q": 0.4442123315065477, "f": 0.0, "l": 0.0, "is_ind": false, "is_element": false, "is_reaction": false, "is_load": false}, "5": {"is_symmetry": false, "q": 0.8810423080380377, "f": 0.0, "l": 0.0, "is_ind": true, "is_element": false, "is_reaction": false, "is_load": false}}, "12": {"13": {"is_symmetry": true, "q": 0.0, "f": 0.0, "l": 0.0, "is_ind": false, "is_element": false, "is_reaction": false, "is_load": false}, "11": {"is_symmetry": false, "q": 1.1521980502288118, "f": 0.0, "l": 0.0, "is_ind": false, "is_element": false, "is_reaction": false, "is_load": false}, "10": {"is_symmetry": false, "q": 1.7146313359298546, "f": 0.0, "l": 0.0, "is_ind": true, "is_element": false, "is_reaction": false, "is_load": false}}, "13": {}, "14": {"0": {"is_symmetry": false, "q": 1.967882186001757, "f": 0.0, "l": 0.0, "is_ind": false, "is_element": false, "is_reaction": false, "is_load": false}, "12": {"is_symmetry": false, "q": 0.5185417750683671, "f": 0.0,