{"attributes": {"name": "FormDiagram", "color.vertex": [255, 255, 255], "color.edge": [0, 0, 0], "color.face": [0, 255, 255], "color.vertex:is_fixed": [255, 0, 0], "indset": "0.000,9.286,0.000-0.300,9.286,0.000-0.714,9.286,0.000-1.741,7.857,0.000-3.929,6.071,0.000", "loadpath": 117.01869246065377}, "dva": {"x": 0.0, "y": 0.0, "z": 0.0, "is_fixed": false, "cx": 0.0, "cy": 0.0}, "dea": {"q": 1.0, "f": 0.0, "l": 0.0, "is_ind": false, "is_element": false, "is_reaction": false, "is_load": false, "is_symmetry": false}, "dfa": {}, "vertex": {"0": {"is_roller": false, "cx": 0.0, "cy": 0.0, "is_fixed": false, "pz": 1.232, "z": 5.134505004692166, "y": 5.000000000000012, "x": 1.1904761904761578, "sorted_neighbours": [1, 15, 3, 13]}, "1": {"is_roller": false, "cx": 0.0, "cy": 0.0, "is_fixed": true, "pz": 0.0, "z": 0.0, "y": 4.000000000000012, "x": 1.1904761904761578, "sorted_neighbours": [4]}, "2": {"is_roller": false, "cx": 0.0, "cy": 0.0, "is_fixed": false, "pz": 1.0205, "z": 6.5974646895186755, "y": 5.000000000000021, "x": 4.999999999999989, "sorted_neighbours": [11, 0, 7, 5]}, "3": {"is_roller": false, "cx": 0.0, "cy": 0.0, "is_fixed": false, "pz": 1.096, "z": 6.262778515700808, "y": 5.000000000000017, "x": 3.5714285714285445, "sorted_neighbours": [10, 11, 3, 12]}, "4": {"is_roller": false, "cx": 0.0, "cy": 0.0, "is_fixed": false, "pz": 0.3911929706870234, "z": 2.000402263594152, "y": 8.57142857142857, "x": -8.881784197001252e-15, "sorted_neighbours": [16, 8, 17]}, "5": {"is_roller": false, "cx": 0.0, "cy": 0.0, "is_fixed": false, "pz": 0.8703157421082852, "z": 3.5826695226787484, "y": 7.142857142857146, "x": -7.105427357601002e-15, "sorted_neighbours": [1, 13, 2]}, "6": {"is_roller": false, "cx": 0.0, "cy": 0.0, "is_fixed": false, "pz": 1.821458031090856, "z": 4.081183703671022, "y": 7.142857142857126, "x": 0.981581450806523, "sorted_neighbours": [8, 16, 4, 20]}, "7": {"is_roller": false, "cx": 0.0, "cy": 0.0, "is_fixed": false, "pz": 1.6248953177751502, "z": 4.6324609924236935, "y": 7.142857142854199, "x": 2.053377326441492, "sorted_neighbours": [3, 11, 19, 13]}, "8": {"is_roller": false, "cx": 0.0, "cy": 0.0, "is_fixed": false, "pz": 1.1839571104198976, "z": 4.974070464386745, "y": 7.142857142857142, "x": 2.857142857142848, "sorted_neighbours": [0, 10, 6, 19, 20]}, "9": {"is_roller": false, "cx": 0.0, "cy": 0.0, "is_fixed": false, "pz": 0.9061263769350674, "z": 2.3287203717051637, "y": 8.571428571405564, "x": 0.5999611448654036, "sorted_neighbours": [19, 17, 2, 13]}, "10": {"is_roller": false, "cx": 0.0, "cy": 0.0, "is_fixed": true, "pz": 0.0, "z": 0.0, "y": 5.000000000000021, "x": 5.999999999999989, "sorted_neighbours": [10]}, "11": {"is_roller": false, "cx": 0.0, "cy": 0.0, "is_fixed": false, "pz": 1.208, "z": 5.785555049285519, "y": 5.000000000000015, "x": 2.380952380952351, "sorted_neighbours": [4, 9, 0, 20]}, "12": {"is_roller": false, "cx": 0.0, "cy": 0.0, "is_fixed": true, "pz": 0.0, "z": 0.0, "y": 4.000000000000015, "x": 2.380952380952351, "sorted_neighbours": [3]}, "13": {"is_roller": false, "cx": 0.0, "cy": 0.0, "is_fixed": false, "pz": 0.61, "z": 4.560686915103747, "y": 5.0, "x": 0.0, "sorted_neighbours": [4, 16, 18]}, "14": {"is_roller": false, "cx": 0.0, "cy": 0.0, "is_fixed": true, "pz": 0.0, "z": 0.0, "y": 4.0, "x": 0.0, "sorted_neighbours": [1]}, "15": {"is_roller": false, "cx": 0.0, "cy": 0.0, "is_fixed": true, "pz": 0.0, "z": 0.0, "y": 7.829844006178467, "x": 3.569885909594571, "sorted_neighbours": [11]}, "16": {"is_roller": false, "cx": 0.0, "cy": 0.0, "is_fixed": false, "pz": 0.706306151660037, "z": 2.7681828833449305, "y": 8.571428571428571, "x": 1.4285714285714217, "sorted_neighbours": [8, 20, 11, 14, 17]}, "17": {"is_roller": false, "cx": 0.0, "cy": 0.0, "is_fixed": true, "pz": 0.0, "z": 0.0, "y": 9.258415434749896, "x": 2.141314481023145, "sorted_neighbours": [19]}, "18": {"is_roller": false, "cx": 0.0, "cy": 0.0, "is_fixed": true, "pz": 0.0, "z": 0.0, "y": 4.000000000000017, "x": 3.5714285714285445, "sorted_neighbours": [0]}, "19": {"is_roller": false, "cx": 0.0, "cy": 0.0, "is_fixed": true, "pz": 0.34013605442723377, "z": 0.0, "y": 9.999999999999941, "x": -1.0658141036401503e-14, "sorted_neighbours": [2, 8, 19]}, "20": {"is_roller": false, "cx": 0.0, "cy": 0.0, "is_fixed": true, "pz": 0.0, "z": 0.0, "y": 4.000000000000021, "x": 4.999999999999989, "sorted_neighbours": [10]}}, "edge": {"0": {"1": {"is_symmetry": true, "q": 0.0, "f": 0.0, "l": 0.0, "is_ind": false, "is_element": false, "is_reaction": false, "is_load": false}, "11": {"is_symmetry": false, "q": 0.2302049542554002, "f": 0.0, "l": 0.0, "is_ind": false, "is_element": false, "is_reaction": false, "is_load": false}}, "1": {}, "2": {"3": {"is_symmetry": false, "q": 0.8944707099128579, "f": 0.0, "l": 0.0, "is_ind": false, "is_element": false, "is_reaction": false, "is_load": false}, "10": {"is_symmetry": true, "q": 0.0, "f": 0.0, "l": 0.0, "is_ind": false, "is_element": false, "is_reaction": false, "is_load": false}, "20": {"is_symmetry": true, "q": 0.0, "f": 0.0, "l": 0.0, "is_ind": false, "is_element": false, "is_reaction": false, "is_load": false}}, "3": {"18": {"is_symmetry": true, "q": 0.0, "f": 0.0, "l": 0.0, "is_ind": false, "is_element": false, "is_reaction": false, "is_load": false}}, "4": {"5": {"is_symmetry": false, "q": 0.9355661842896902, "f": 0.0, "l": 0.0, "is_ind": false, "is_element": false, "is_reaction": false, "is_load": false}, "9": {"is_symmetry": false, "q": -1.3257181089263e-15, "f": 0.0, "l": 0.0, "is_ind": false, "is_element": false, "is_reaction": false, "is_load": false}}, "5": {"6": {"is_symmetry": false, "q": -8.523672338022044e-15, "f": 0.0, "l": 0.0, "is_ind": false, "is_element": false, "is_reaction": false, "is_load": false}, "13": {"is_symmetry": false, "q": 0.6237107895264563, "f": 0.0, "l": 0.0, "is_ind": false, "is_element": false, "is_reaction": false, "is_load": false}}, "6": {"0": {"is_symmetry": false, "q": 1.3119215802376032, "f": 0.0, "l": 0.0, "is_ind": false, "is_element": false, "is_reaction": false, "is_load": false}, "7": {"is_symmetry": false, "q": 0.44498245059088654, "f": 0.0, "l": 0.0, "is_ind": false, "is_element": false, "is_reaction": false, "is_load": false}}, "7": {"8": {"is_symmetry": false, "q": 1.4603704762914083, "f": 0.0, "l": 0.0, "is_ind": false, "is_element": false, "is_reaction": false, "is_load": false}, "11": {"is_symmetry": false, "q": 1.1430880381602728, "f": 0.0, "l": 0.0, "is_ind": false, "is_element": false, "is_reaction": false, "is_load": false}}, "8": {"3": {"is_symmetry": false, "q": 0.8810405190912713, "f": 0.0, "l": 0.0, "is_ind": false, "is_element": false, "is_reaction": false, "is_load": false}, "15": {"is_symmetry": true, "q": 0.0, "f": 0.0, "l": 0.0, "is_ind": false, "is_element": false, "is_reaction": false, "is_load": false}, "2": {"is_symmetry": false, "q": 0.44421312417106196, "f": 0.0, "l": 0.0, "is_ind": true, "is_element": false, "is_reaction": false, "is_load": false}}, "9": {"6": {"is_symmetry": false, "q": 1.9678823703889614, "f": 0.0, "l": 0.0, "is_ind": false, "is_element": false, "is_reaction": false, "is_load": false}, "16": {"is_symmetry": false, "q": 0.5185418236548455, "f": 0.0, "l": 0.0, "is_ind": false, "is_element": false, "is_reaction": false, "is_load": false}}, "10": {}, "11": {"12": {"is_symmetry": true, "q": 0.0, "f": 0.0, "l": 0.0, "is_ind": false, "is_element": false, "is_reaction": false, "is_load": false}, "3": {"is_symmetry": false, "q": 0.5447405404406906, "f": 0.0, "l": 0.0, "is_ind": false, "is_element": false, "is_reaction": false, "is_load": false}}, "12": {}, "13": {"14": {"is_symmetry": true, "q": 0.0, "f": 0.0, "l": 0.0, "is_ind": false, "is_element": false, "is_reaction": false, "is_load": false}, "0": {"is_symmetry": false, "q": 3.738568180545132e-15, "f": 0.0, "l": 0.0, "is_ind": false, "is_element": false, "is_reaction": false, "is_load": false}}, "14": {}, "15": {}, "16": {"8": {"is_symmetry": false, "q": 1.1521973177514075, "f": 0.0, "l": 0.0,