{"attributes": {"name": "FormDiagram", "color.vertex": [255, 255, 255], "color.edge": [0, 0, 0], "color.face": [0, 255, 255], "color.vertex:is_fixed": [255, 0, 0], "indset": "0.000,4.500,0.000-0.000,6.071,0.000-0.000,7.857,0.000-0.000,9.286,0.000-0.791,7.857,0.000-1.014,8.571,0.000-3.214,6.071,0.000-3.214,7.486,0.000-3.571,4.500,0.000-4.286,5.000,0.000-5.500,5.000,0.000", "loadpath": 60.910446745520304}, "dva": {"x": 0.0, "y": 0.0, "z": 0.0, "is_fixed": false, "cx": 0.0, "cy": 0.0}, "dea": {"q": 1.0, "f": 0.0, "l": 0.0, "is_ind": false, "is_element": false, "is_reaction": false, "is_load": false, "is_symmetry": false}, "dfa": {}, "vertex": {"0": {"is_roller": false, "cx": 0.0, "cy": 0.0, "is_fixed": false, "pz": 1.6248953177751502, "z": 3.2835663974962714, "y": 7.142857142854199, "x": 2.053377326441492, "sorted_neighbours": [3, 11, 19, 13]}, "1": {"is_roller": false, "cx": 0.0, "cy": 0.0, "is_fixed": false, "pz": 1.208, "z": 3.6779555976005245, "y": 5.000000000000015, "x": 2.380952380952351, "sorted_neighbours": [4, 9, 0, 20]}, "2": {"is_roller": true, "cx": 0.0, "cy": 0.0, "is_fixed": false, "pz": 0.61, "z": 0.0, "y": 5.0, "x": 0.0, "sorted_neighbours": [4, 16, 18]}, "3": {"is_roller": false, "cx": 0.0, "cy": 0.0, "is_fixed": false, "pz": 1.232, "z": 2.193071172581787, "y": 5.000000000000012, "x": 1.1904761904761578, "sorted_neighbours": [1, 15, 3, 13]}, "4": {"is_roller": false, "cx": 0.0, "cy": 0.0, "is_fixed": true, "pz": 0.34013605442723377, "z": 0.0, "y": 9.999999999999941, "x": -1.0658141036401503e-14, "sorted_neighbours": [2, 8, 19]}, "5": {"is_roller": true, "cx": 0.0, "cy": 0.0, "is_fixed": false, "pz": 0.3911929706870234, "z": 0.0, "y": 8.57142857142857, "x": -8.881784197001252e-15, "sorted_neighbours": [16, 8, 17]}, "6": {"is_roller": false, "cx": 0.0, "cy": 0.0, "is_fixed": false, "pz": 1.821458031090856, "z": 1.9628014602624237, "y": 7.142857142857126, "x": 0.981581450806523, "sorted_neighbours": [8, 16, 4, 20]}, "7": {"is_roller": false, "cx": 0.0, "cy": 0.0, "is_fixed": true, "pz": 0.0, "z": 0.0, "y": 4.0, "x": 0.0, "sorted_neighbours": [1]}, "8": {"is_roller": false, "cx": 0.0, "cy": 0.0, "is_fixed": true, "pz": 0.0, "z": 0.0, "y": 4.000000000000015, "x": 2.380952380952351, "sorted_neighbours": [3]}, "9": {"is_roller": false, "cx": 0.0, "cy": 0.0, "is_fixed": false, "pz": 0.706306151660037, "z": 2.1367802771956126, "y": 8.571428571428571, "x": 1.4285714285714217, "sorted_neighbours": [8, 20, 11, 14, 17]}, "10": {"is_roller": false, "cx": 0.0, "cy": 0.0, "is_fixed": true, "pz": 0.0, "z": 0.0, "y": 9.258415434749896, "x": 2.141314481023145, "sorted_neighbours": [19]}, "11": {"is_roller": true, "cx": 0.0, "cy": 0.0, "is_fixed": false, "pz": 0.8703157421082852, "z": 0.0, "y": 7.142857142857146, "x": -7.105427357601002e-15, "sorted_neighbours": [1, 13, 2]}, "12": {"is_roller": false, "cx": 0.0, "cy": 0.0, "is_fixed": false, "pz": 0.9061263769350674, "z": 1.1732113116393976, "y": 8.571428571405564, "x": 0.5999611448654036, "sorted_neighbours": [19, 17, 2, 13]}, "13": {"is_roller": false, "cx": 0.0, "cy": 0.0, "is_fixed": false, "pz": 1.096, "z": 4.502276657681494, "y": 5.000000000000017, "x": 3.5714285714285445, "sorted_neighbours": [10, 11, 3, 12], "lb": 3.0}, "14": {"is_roller": false, "cx": 0.0, "cy": 0.0, "is_fixed": true, "pz": 0.0, "z": 0.0, "y": 4.000000000000017, "x": 3.5714285714285445, "sorted_neighbours": [0]}, "15": {"is_roller": false, "cx": 0.0, "cy": 0.0, "is_fixed": false, "pz": 1.1839571104198976, "z": 3.832026369871262, "y": 7.142857142857142, "x": 2.857142857142848, "sorted_neighbours": [0, 10, 6, 19, 20], "lb": 3.0}, "16": {"is_roller": false, "cx": 0.0, "cy": 0.0, "is_fixed": true, "pz": 0.0, "z": 0.0, "y": 7.829844006178467, "x": 3.569885909594571, "sorted_neighbours": [11]}, "17": {"is_roller": false, "cx": 0.0, "cy": 0.0, "is_fixed": false, "pz": 1.0205, "z": 5.009242003104233, "y": 5.000000000000021, "x": 4.999999999999989, "sorted_neighbours": [11, 0, 7, 5], "lb": 5.0, "ub": 5.5}, "18": {"is_roller": false, "cx": 0.0, "cy": 0.0, "is_fixed": true, "pz": 0.0, "z": 0.0, "y": 4.000000000000021, "x": 4.999999999999989, "sorted_neighbours": [10]}, "19": {"is_roller": false, "cx": 0.0, "cy": 0.0, "is_fixed": true, "pz": 0.0, "z": 0.0, "y": 5.000000000000021, "x": 5.999999999999989, "sorted_neighbours": [10]}, "20": {"is_roller": false, "cx": 0.0, "cy": 0.0, "is_fixed": true, "pz": 0.0, "z": 0.0, "y": 4.000000000000012, "x": 1.1904761904761578, "sorted_neighbours": [4]}}, "edge": {"0": {"1": {"is_symmetry": false, "q": 0.3511926063084515, "f": 0.0, "l": 0.0, "is_ind": false, "is_element": false, "is_reaction": false, "is_load": false}, "15": {"is_symmetry": false, "q": 3.2196303135104705, "f": 0.0, "l": 0.0, "is_ind": false, "is_element": false, "is_reaction": false, "is_load": false}}, "1": {"8": {"is_symmetry": true, "q": 0.0, "f": 0.0, "l": 0.0, "is_ind": false, "is_element": false, "is_reaction": false, "is_load": false}, "13": {"is_symmetry": false, "q": 1.8362895024048285, "f": 0.0, "l": 0.0, "is_ind": false, "is_element": false, "is_reaction": false, "is_load": false}}, "2": {"3": {"is_symmetry": false, "q": 1.7396541582138982, "f": 0.0, "l": 0.0, "is_ind": false, "is_element": false, "is_reaction": false, "is_load": false}, "7": {"is_symmetry": true, "q": 0.0, "f": 0.0, "l": 0.0, "is_ind": true, "is_element": false, "is_reaction": false, "is_load": false}}, "3": {"1": {"is_symmetry": false, "q": 1.7396542751943738, "f": 0.0, "l": 0.0, "is_ind": false, "is_element": false, "is_reaction": false, "is_load": false}, "20": {"is_symmetry": true, "q": 0.0, "f": 0.0, "l": 0.0, "is_ind": false, "is_element": false, "is_reaction": false, "is_load": false}}, "4": {"5": {"is_symmetry": false, "q": 1e-06, "f": 0.0, "l": 0.0, "is_ind": true, "is_element": false, "is_reaction": false, "is_load": false}, "9": {"is_symmetry": false, "q": 0.000898814939172432, "f": 0.0, "l": 0.0, "is_ind": false, "is_element": false, "is_reaction": false, "is_load": false}, "12": {"is_symmetry": false, "q": 9.999470955167926e-07, "f": 0.0, "l": 0.0, "is_ind": false, "is_element": false, "is_reaction": false, "is_load": false}}, "5": {"12": {"is_symmetry": false, "q": 1.9054985328592324, "f": 0.0, "l": 0.0, "is_ind": false, "is_element": false, "is_reaction": false, "is_load": false}, "11": {"is_symmetry": false, "q": 1e-06, "f": 0.0, "l": 0.0, "is_ind": true, "is_element": false, "is_reaction": false, "is_load": false}}, "6": {"0": {"is_symmetry": false, "q": 2.2147211434203653, "f": 0.0, "l": 0.0, "is_ind": false, "is_element": false, "is_reaction": false, "is_load": false}, "3": {"is_symmetry": false, "q": 6.666636641936874e-07, "f": 0.0, "l": 0.0, "is_ind": false, "is_element": false, "is_reaction": false, "is_load": false}}, "7": {}, "8": {}, "9": {"10": {"is_symmetry": true, "q": 0.0, "f": 0.0, "l": 0.0, "is_ind": false, "is_element": false, "is_reaction": false, "is_load": false}, "0": {"is_symmetry": false, "q": 0.5267889094496911, "f": 0.0, "l": 0.0, "is_ind": false, "is_element": false, "is_reaction": false, "is_load": false}, "15": {"is_symmetry": false, "q": 0.012344312997847107, "f": 0.0, "l": 0.0, "is_ind": false, "is_element": false, "is_reaction": false, "is_load": false}}, "10": {}, "11": {"6": {"is_symmetry": false, "q": 2.4182697654803147, "f": 0.0, "l": 0.0, "is_ind": false, "is_element": false, "is_reaction": false, "is_load": false}, "2": {"is_symmetry": false, "q": 1e-06, "f": 0.0, "l": 0.0, "is_ind": true, "is_element": false, "is_reaction": false, "is_load": false}}, "12": {"9": {"is_symmetry": false, "q": 1.379689972600303, "f": 0.0, "l": 0.0, "is_ind": true, "is_element": false, "is_reaction": false, "is_load": false}, "6": {"is_symmetry": false, "q": 1e-06, "f": 0.0, "l": 0.0, "is_ind": true, "is_element": false, "is_reaction": false, "is_load": false}}, "13": {"14": {"is_symmetry": true, "q": 0.0, "f": 0.0, "l": 0.0, "is_ind": true, "is_element": false, "is_reaction": false, "is_load": false}}, "14": {},