{"attributes": {"name": "FormDiagram", "color.vertex": [255, 255, 255], "color.edge": [0, 0, 0], "color.face": [0, 255, 255], "color.vertex:is_fixed": [255, 0, 0], "loadpath": 84801.8777190252}, "dva": {"x": 0.0, "y": 0.0, "z": 0.0, "is_fixed": false, "cx": 0.0, "cy": 0.0}, "dea": {"q": 1.0, "f": 0.0, "l": 0.0, "is_ind": false, "is_element": false, "is_reaction": false, "is_load": false}, "dfa": {}, "vertex": {"0": {"sorted_neighbours": [14, 0, 8, 31], "is_fixed": false, "y": 9.018418549193466, "x": 2.857142857142868, "z": 3.047420743475619, "pz": 1.82145803109087}, "1": {"sorted_neighbours": [20, 13, 27, 26], "is_fixed": false, "y": 7.9466226735584975, "x": 2.8571428571457935, "z": 3.258733112229708, "pz": 1.6248953177751493}, "2": {"sorted_neighbours": [15, 21, 10, 24], "is_fixed": false, "y": 5.000000000000012, "x": 1.1904761904761578, "z": 1.5996649747641212, "pz": 1.232}, "3": {"sorted_neighbours": [28], "is_fixed": true, "y": 4.000000000000012, "x": 1.1904761904761578, "z": 0.0, "pz": 0.0}, "4": {"sorted_neighbours": [0, 14, 23, 17], "is_fixed": false, "y": 7.619047619047635, "x": 4.999999999999977, "z": 1.7059966674248523, "pz": 1.208}, "5": {"sorted_neighbours": [26], "is_fixed": true, "y": 7.619047619047635, "x": 5.999999999999977, "z": 0.0, "pz": 0.0}, "6": {"sorted_neighbours": [12, 2, 20], "is_fixed": false, "y": 10.00000000000001, "x": 2.8571428571428434, "z": -0.00013446762243349964, "pz": 0.870315742108299}, "7": {"sorted_neighbours": [25, 31, 8], "is_fixed": false, "y": 10.000000000000009, "x": 1.42857142857142, "z": -8.715905065806872e-05, "pz": 0.3911929706870339}, "8": {"sorted_neighbours": [22, 3, 26, 27], "is_fixed": false, "y": 6.428571428571448, "x": 4.999999999999989, "z": 1.7283642570683642, "pz": 1.096}, "9": {"sorted_neighbours": [13, 10, 21, 27], "is_fixed": false, "y": 7.142857142854199, "x": 2.053377326441492, "z": 3.2586970027762003, "pz": 1.6248953177751495}, "10": {"sorted_neighbours": [9, 28, 11, 5], "is_fixed": false, "y": 5.000000000000015, "x": 2.380952380952351, "z": 1.7059007046315322, "pz": 1.208}, "11": {"sorted_neighbours": [5, 6, 7, 23, 27], "is_fixed": false, "y": 5.000000000000021, "x": 4.999999999999989, "z": 1.1888704370540275, "pz": 1.0205}, "12": {"sorted_neighbours": [22], "is_fixed": true, "y": 4.000000000000021, "x": 4.999999999999989, "z": 0.0, "pz": 0.0}, "13": {"sorted_neighbours": [18, 29, 13, 31, 2], "is_fixed": true, "y": 9.999999999999941, "x": -1.0658141036401503e-14, "z": 0.0, "pz": 0.680272108854484}, "14": {"sorted_neighbours": [2, 25, 13, 20], "is_fixed": false, "y": 9.40003885513459, "x": 1.4285714285944318, "z": 2.035421510119397, "pz": 0.9061263769350865}, "15": {"sorted_neighbours": [25, 18, 10, 13], "is_fixed": false, "y": 8.571428571405564, "x": 0.5999611448654036, "z": 2.0365242320184054, "pz": 0.9061263769350673}, "16": {"sorted_neighbours": [8, 0, 19], "is_fixed": false, "y": 10.000000000000014, "x": 4.999999999999989, "z": -7.244298790823527e-05, "pz": 0.61}, "17": {"sorted_neighbours": [4, 12, 20, 26], "is_fixed": false, "y": 8.809523809523828, "x": 4.999999999999982, "z": 1.5986792722870988, "pz": 1.232}, "18": {"sorted_neighbours": [16, 29, 25], "is_fixed": false, "y": 8.57142857142857, "x": -8.881784197001252e-15, "z": 250.2704073549508, "pz": 0.3911929706870233}, "19": {"sorted_neighbours": [24, 10, 18], "is_fixed": false, "y": 7.142857142857146, "x": -7.105427357601002e-15, "z": 386.1132330656595, "pz": 0.8703157421082854}, "20": {"sorted_neighbours": [0], "is_fixed": true, "y": 8.809523809523828, "x": 5.999999999999982, "z": 0.0, "pz": 0.0}, "21": {"sorted_neighbours": [29, 16, 28, 9], "is_fixed": false, "y": 7.142857142857126, "x": 0.981581450806523, "z": 3.0491550925290603, "pz": 1.8214580310908557}, "22": {"sorted_neighbours": [13, 9, 5, 22, 23, 14], "is_fixed": false, "y": 7.142857142857142, "x": 2.857142857142848, "z": 3.4687678853293917, "pz": 2.3679142208397925}, "23": {"sorted_neighbours": [21, 1, 22, 27], "is_fixed": false, "y": 5.000000000000017, "x": 3.5714285714285445, "z": 1.728288868793364, "pz": 1.096}, "24": {"sorted_neighbours": [28, 16, 30], "is_fixed": false, "y": 5.0, "x": 0.0, "z": 208.01430343226014, "pz": 0.61}, "25": {"sorted_neighbours": [21], "is_fixed": true, "y": 4.000000000000015, "x": 2.380952380952351, "z": 0.0, "pz": 0.0}, "26": {"sorted_neighbours": [5], "is_fixed": true, "y": 4.000000000000017, "x": 3.5714285714285445, "z": 0.0, "pz": 0.0}, "27": {"sorted_neighbours": [9, 27, 14, 31, 25, 29], "is_fixed": false, "y": 8.571428571428571, "x": 1.4285714285714217, "z": 2.275560085214905, "pz": 1.4126123033200837}, "28": {"sorted_neighbours": [23], "is_fixed": true, "y": 6.428571428571448, "x": 5.999999999999989, "z": 0.0, "pz": 0.0}, "29": {"sorted_neighbours": [22], "is_fixed": true, "y": 5.000000000000021, "x": 5.999999999999989, "z": 0.0, "pz": 0.0}, "30": {"sorted_neighbours": [12], "is_fixed": true, "y": 10.000000000000014, "x": 5.999999999999989, "z": 0.0, "pz": 0.0}, "31": {"sorted_neighbours": [24], "is_fixed": true, "y": 4.0, "x": 0.0, "z": 0.0, "pz": 0.0}}, "edge": {"0": {"1": {"q": 0.21340059045495752, "f": 0.0, "l": 0.0, "is_ind": false, "is_element": false, "is_reaction": false, "is_load": false}, "17": {"q": 0.6291592836780402, "f": 0.0, "l": 0.0, "is_ind": false, "is_element": false, "is_reaction": false, "is_load": false}}, "1": {"4": {"q": 0.5716389026489225, "f": 0.0, "l": 0.0, "is_ind": false, "is_element": false, "is_reaction": false, "is_load": false}, "22": {"q": 0.7181351310827719, "f": 0.0, "l": 0.0, "is_ind": false, "is_element": false, "is_reaction": false, "is_load": false}}, "2": {"3": {"q": 1.3471298132707656, "f": 0.0, "l": 0.0, "is_ind": false, "is_element": false, "is_reaction": false, "is_load": false}, "10": {"q": 0.11031206599874188, "f": 0.0, "l": 0.0, "is_ind": false, "is_element": false, "is_reaction": false, "is_load": false}}, "3": {}, "4": {"5": {"q": 1.2249405056778506, "f": 0.0, "l": 0.0, "is_ind": false, "is_element": false, "is_reaction": false, "is_load": false}, "8": {"q": 0.2676934759828088, "f": 0.0, "l": 0.0, "is_ind": false, "is_element": false, "is_reaction": false, "is_load": false}}, "5": {}, "6": {"7": {"q": -9816.512939351147, "f": 0.0, "l": 0.0, "is_ind": false, "is_element": false, "is_reaction": false, "is_load": false}, "0": {"q": -7.581900993065305e-12, "f": 0.0, "l": 0.0, "is_ind": false, "is_element": false, "is_reaction": false, "is_load": false}}, "7": {"13": {"q": -9816.51559283011, "f": 0.0, "l": 0.0, "is_ind": false, "is_element": false, "is_reaction": false, "is_load": false}, "14": {"q": 1.070212560221101e-09, "f": 0.0, "l": 0.0, "is_ind": false, "is_element": false, "is_reaction": false, "is_load": false}}, "8": {"28": {"q": 0.9305272761300151, "f": 0.0, "l": 0.0, "is_ind": false, "is_element": false, "is_reaction": false, "is_load": false}}, "9": {"10": {"q": 0.571774374900755, "f": 0.0, "l": 0.0, "is_ind": false, "is_element": false, "is_reaction": false, "is_load": false}, "22": {"q": 0.7180123237439798, "f": 0.0, "l": 0.0, "is_ind": false, "is_element": false, "is_reaction": false, "is_load": false}}, "10": {"25": {"q": 1.2252308033493464, "f": 0.0, "l": 0.0, "is_ind": false, "is_element": false, "is_reaction": false, "is_load": false}, "23": {"q": 0.2676432444964489, "f": 0.0, "l": 0.0, "is_ind": false, "is_element": false, "is_reaction": false, "is_load": false}}, "11": {"12": {"q": 0.6289986462042461, "f": 0.0, "l": 0.0, "is_ind": false, "is_element": false, "is_reaction": false, "is_load": false}, "8": {"q": 0.4402009277456888, "f": 0.0, "l": 0.0, "is_ind": false, "is_element": false, "is_reaction": false, "is_load": false}, "23": {"q": 0.4401936160790214, "f": 0.0, "l": 0.0, "is_ind": false, "is_element": false, "is_reaction": false, "is_load": false}, "29": {"q": 0.6289882009737786, "f": 0.0, "l": 0.0, "is_ind": false, "is_element": false, "is_reaction": false, "is_load": false}}, "12": {}, "13": {"14": {"q": 0.9437389254972359, "f": 0.0, "l": 0.0,