{"attributes": {"name": "FormDiagram", "color.vertex": [255, 255, 255], "color.edge": [0, 0, 0], "color.face": [0, 255, 255], "color.vertex:is_fixed": [255, 0, 0], "indset": "0.000,5.500,0.000-0.000,6.500,0.000-0.000,7.500,0.000-0.000,8.500,0.000-0.000,9.500,0.000-0.500,5.000,0.000-0.500,6.000,0.000-0.500,6.500,0.000-0.500,7.000,0.000-0.500,8.500,0.000-0.500,9.500,0.000-1.000,6.500,0.000-1.000,8.500,0.000-1.500,5.000,0.000-1.500,6.000,0.000-1.500,7.500,0.000-1.500,8.000,0.000-2.500,5.500,0.000-2.500,7.500,0.000-2.500,8.500,0.000-3.000,6.500,0.000-3.500,5.500,0.000-3.500,6.000,0.000-4.500,5.500,0.000-4.500,6.500,0.000", "loadpath": 56.74630810327024}, "dva": {"x": 0.0, "y": 0.0, "z": 0.0, "is_fixed": false, "cx": 0.0, "cy": 0.0}, "dea": {"q": 1.0, "f": 0.0, "l": 0.0, "is_ind": false, "is_element": false, "is_reaction": false, "is_load": false, "is_symmetry": false}, "dfa": {}, "vertex": {"0": {"cy": 0.0, "p": 0, "sorted_neighbours": [7, 16, 4, 28], "is_fixed": true, "y": 9.0, "x": 0.0, "z": 0.0, "cx": 0.0, "pz": 0.5}, "1": {"cy": 0.0, "p": 0, "sorted_neighbours": [2, 28, 3, 16, 23], "is_fixed": false, "y": 9.0, "x": 1.0, "z": 2.1101756969385397, "cx": 0.0, "pz": 0.5}, "2": {"cy": 0.0, "p": 0, "sorted_neighbours": [11, 24, 0, 30, 12], "is_fixed": false, "y": 5.0, "x": 2.0, "z": 2.9072430434104435, "cx": 0.0, "pz": 0.5}, "3": {"cy": 0.0, "p": 0, "sorted_neighbours": [22, 1, 24, 10, 26], "is_fixed": false, "y": 5.0, "x": 3.0, "z": 3.666677951157084, "cx": 0.0, "pz": 0.5}, "4": {"cy": 0.0, "p": 0, "sorted_neighbours": [16, 17, 24, 1, 19, 23], "is_fixed": false, "y": 7.0, "x": 2.0, "z": 2.985315229883674, "cx": 0.0, "pz": 1.0}, "5": {"cy": 0.0, "p": 0, "sorted_neighbours": [1, 15, 8, 23, 18], "is_fixed": false, "y": 7.0, "x": 3.0, "z": 3.4503995613907668, "cx": 0.0, "pz": 0.5}, "6": {"cy": 0.0, "p": 0, "sorted_neighbours": [25, 15, 1, 11, 29], "is_fixed": false, "y": 5.0, "x": 4.0, "z": 3.9633279177112337, "cx": 0.0, "pz": 0.5}, "7": {"cy": 0.0, "p": 0, "sorted_neighbours": [15, 22, 5, 6], "is_fixed": false, "y": 5.0, "x": 5.0, "z": 4.009528670145068, "cx": 0.0, "pz": 0.25}, "8": {"cy": 0.0, "p": 0, "sorted_neighbours": [14, 17, 16, 3], "is_fixed": true, "y": 8.0, "x": 0.0, "z": 0.0, "cx": 0.0, "pz": 0.5000000000000001}, "9": {"cy": 0.0, "p": 0, "sorted_neighbours": [4], "is_fixed": true, "y": 10.0, "x": 2.0, "z": 0.0, "cx": 0.0, "pz": 0.0}, "10": {"cy": 0.0, "p": 0, "sorted_neighbours": [11], "is_fixed": true, "y": 4.0, "x": 3.0, "z": 0.0, "cx": 0.0, "pz": 0.0}, "11": {"cy": 0.0, "p": 0, "sorted_neighbours": [16, 7, 14, 0, 24, 18], "is_fixed": false, "y": 7.0, "x": 1.0, "z": 1.8351816383093678, "cx": 0.0, "pz": 1.0000000000000002}, "12": {"cy": 0.0, "p": 0, "sorted_neighbours": [1, 18, 17, 0, 10, 11], "is_fixed": false, "y": 6.0, "x": 2.0, "z": 2.9372222842116407, "cx": 0.0, "pz": 0.9999999999999999}, "13": {"cy": 0.0, "p": 0, "sorted_neighbours": [11, 22, 15, 19, 18, 24], "is_fixed": false, "y": 6.0, "x": 3.0, "z": 3.64734300561021, "cx": 0.0, "pz": 1.0}, "14": {"cy": 0.0, "p": 0, "sorted_neighbours": [13, 19, 1, 22, 25], "is_fixed": false, "y": 6.0, "x": 4.0, "z": 3.85180412690755, "cx": 0.0, "pz": 0.5}, "15": {"cy": 0.0, "p": 0, "sorted_neighbours": [9, 10, 0, 21, 27], "is_fixed": false, "y": 5.0, "x": 1.0, "z": 1.6850183950043032, "cx": 0.0, "pz": 0.5}, "16": {"cy": 0.0, "p": 0, "sorted_neighbours": [14, 21, 30, 10, 24, 17], "is_fixed": false, "y": 6.0, "x": 1.0, "z": 1.7214411072847688, "cx": 0.0, "pz": 1.0}, "17": {"cy": 0.0, "p": 0, "sorted_neighbours": [4, 16, 18, 19, 20], "is_fixed": false, "y": 8.0, "x": 2.0, "z": 2.8517814903725083, "cx": 0.0, "pz": 0.5}, "18": {"cy": 0.0, "p": 0, "sorted_neighbours": [30], "is_fixed": true, "y": 4.0, "x": 1.0, "z": 0.0, "cx": 0.0, "pz": 0.0}, "19": {"cy": 0.0, "p": 0, "sorted_neighbours": [23], "is_fixed": true, "y": 9.0, "x": 3.0, "z": 0.0, "cx": 0.0, "pz": 0.0}, "20": {"cy": 0.0, "p": 0, "sorted_neighbours": [3, 4], "is_fixed": true, "y": 10.0, "x": 0.0, "z": 0.0, "cx": 0.0, "pz": 0.16666666666666652}, "21": {"cy": 0.0, "p": 0, "sorted_neighbours": [15], "is_fixed": true, "y": 7.0, "x": 5.0, "z": 0.0, "cx": 0.0, "pz": 0.0}, "22": {"cy": 0.0, "p": 0, "sorted_neighbours": [4, 3, 7, 17, 18, 23], "is_fixed": false, "y": 8.0, "x": 1.0, "z": 2.0009983311056248, "cx": 0.0, "pz": 1.0}, "23": {"cy": 0.0, "p": 0, "sorted_neighbours": [27, 30, 0, 14], "is_fixed": true, "y": 6.0, "x": 0.0, "z": 0.0, "cx": 0.0, "pz": 0.5}, "24": {"cy": 0.0, "p": 0, "sorted_neighbours": [25], "is_fixed": true, "y": 5.0, "x": 6.0, "z": 0.0, "cx": 0.0, "pz": 0.0}, "25": {"cy": 0.0, "p": 0, "sorted_neighbours": [21, 0, 17, 7], "is_fixed": true, "y": 7.0, "x": 0.0, "z": 0.0, "cx": 0.0, "pz": 0.49999999999999994}, "26": {"cy": 0.0, "p": 0, "sorted_neighbours": [19], "is_fixed": true, "y": 8.0, "x": 4.0, "z": 0.0, "cx": 0.0, "pz": 0.0}, "27": {"cy": 0.0, "p": 0, "sorted_neighbours": [25], "is_fixed": true, "y": 4.0, "x": 5.0, "z": 0.0, "cx": 0.0, "pz": 0.0}, "28": {"cy": 0.0, "p": 0, "sorted_neighbours": [30, 21], "is_fixed": true, "y": 5.0, "x": 0.0, "z": 0.0, "cx": 0.0, "pz": 0.16666666666666657}, "29": {"cy": 0.0, "p": 0, "sorted_neighbours": [22], "is_fixed": true, "y": 4.0, "x": 4.0, "z": 0.0, "cx": 0.0, "pz": 0.0}, "30": {"cy": 0.0, "p": 0, "sorted_neighbours": [10], "is_fixed": true, "y": 4.0, "x": 2.0, "z": 0.0, "cx": 0.0, "pz": 0.0}}, "edge": {"0": {"1": {"is_symmetry": false, "q": 0.2874541580290711, "f": 0.0, "l": 0.0, "is_ind": false, "is_element": false, "is_reaction": false, "is_load": false}, "20": {"is_symmetry": false, "q": 9.999115761885924e-06, "f": 0.0, "l": 0.0, "is_ind": true, "is_element": false, "is_reaction": false, "is_load": false}}, "1": {"9": {"is_symmetry": true, "q": 0.0, "f": 0.0, "l": 0.0, "is_ind": false, "is_element": false, "is_reaction": false, "is_load": false}, "20": {"is_symmetry": false, "q": 1.0000291171450601e-06, "f": 0.0, "l": 0.0, "is_ind": true, "is_element": false, "is_reaction": false, "is_load": false}, "17": {"is_symmetry": false, "q": 0.14371902908413292, "f": 0.0, "l": 0.0, "is_ind": false, "is_element": false, "is_reaction": false, "is_load": false}}, "2": {"3": {"is_symmetry": false, "q": 1.0804056789930676, "f": 0.0, "l": 0.0, "is_ind": false, "is_element": false, "is_reaction": false, "is_load": false}, "30": {"is_symmetry": true, "q": 0.0, "f": 0.0, "l": 0.0, "is_ind": false, "is_element": false, "is_reaction": false, "is_load": false}, "12": {"is_symmetry": false, "q": 9.999286990236304e-06, "f": 0.0, "l": 0.0, "is_ind": false, "is_element": false, "is_reaction": false, "is_load": false}}, "3": {"10": {"is_symmetry": true, "q": 0.0, "f": 0.0, "l": 0.0, "is_ind": false, "is_element": false, "is_reaction": false, "is_load": false}, "6": {"is_symmetry": false, "q": 1.0804156789579296, "f": 0.0, "l": 0.0, "is_ind": false, "is_element": false, "is_reaction": false, "is_load": false}, "13": {"is_symmetry": false, "q": 9.999581552868521e-06, "f": 0.0, "l": 0.0, "is_ind": false, "is_element": false, "is_reaction": false, "is_load": false}}, "4": {"5": {"is_symmetry": false, "q": 1.459741684694646, "f": 0.0, "l": 0.0, "is_ind": false, "is_element": false, "is_reaction": false, "is_load": false}, "13": {"is_symmetry": false, "q": 9.999899426296764e-06, "f": 0.0, "l": 0.0, "is_ind": false, "is_element": false, "is_reaction": false, "is_load": false}, "17": {"is_symmetry": false, "q": 9.999495707894681e-06, "f": 0.0, "l": 0.0, "is_ind": false, "is_element": false, "is_reaction": false, "is_load": false}}, "5": {"14": {"is_symmetry": false, "q": 1.30827686386112, "f": 0.0, "l": 0.0, "is_ind": false, "is_element": false, "is_reaction": false, "is_load": false}, "26": {"is_symmetry": true, "q": 0.0, "f": 0.0, "l": 0.0, "is_ind": false, "is_element": false, "is_reaction": false, "is_load": false}}, "6": {"7": {"is_symmetry": false, "q": 1.0804256792243931, "f": 0.0, "l": 0.0, "is_ind": false, "is_element": false, "is_reaction": false, "is_load": false}, "14": {"is_symmetry": false,