{"attributes": {"name": "Network", "color.vertex": null, "color.edge": null, "color.face": null, "color.vertex:is_fixed": [255, 0, 0], "loadpath": 111.53599971609391}, "dva": {"x": 0.0, "y": 0.0, "z": 0.0, "is_fixed": false, "cx": 0.0, "cy": 0.0}, "dea": {"q": 1.0, "f": 0.0, "l": 0.0, "is_ind": false, "is_element": false, "is_reaction": false, "is_load": false}, "dfa": {}, "vertex": {"16": {"sorted_neighbours": [34, 3, 36, 14, 39], "is_fixed": false, "y": 5.0, "x": 3.0, "z": 3.660985836057108, "pz": 0.5}, "36": {"sorted_neighbours": [3, 28, 25, 0, 14, 16], "is_fixed": false, "y": 6.0, "x": 2.0, "z": 2.944469304768896, "pz": 0.9999999999999999}, "26": {"sorted_neighbours": [35, 2, 31, 1, 43, 7], "is_fixed": false, "y": 9.0, "x": 2.0, "z": 2.0056307203561623, "pz": 1.0}, "45": {"sorted_neighbours": [37, 30, 19, 18, 23], "is_fixed": false, "y": 6.0, "x": 5.0, "z": 3.917605796829859, "pz": 0.5}, "15": {"sorted_neighbours": [6, 5, 8, 17], "is_fixed": true, "y": 10.0, "x": 4.0, "z": 0.0, "pz": 0.5000000000000001}, "18": {"sorted_neighbours": [12, 2, 32, 23, 45, 19], "is_fixed": false, "y": 7.0, "x": 4.0, "z": 3.6447802125108946, "pz": 1.0}, "35": {"sorted_neighbours": [32, 2, 26, 7, 24, 28], "is_fixed": false, "y": 8.0, "x": 2.0, "z": 2.8550485969821144, "pz": 1.0}, "25": {"sorted_neighbours": [11, 22, 0, 36, 28, 24], "is_fixed": false, "y": 7.0, "x": 1.0, "z": 1.8414143858783592, "pz": 1.0}, "28": {"sorted_neighbours": [36, 3, 32, 35, 24, 25], "is_fixed": false, "y": 7.0, "x": 2.0, "z": 2.990241538478825, "pz": 1.0}, "38": {"sorted_neighbours": [27], "is_fixed": true, "y": 8.0, "x": 6.0, "z": 0.0, "pz": 0.0}, "40": {"sorted_neighbours": [44, 33], "is_fixed": true, "y": 5.0, "x": 0.0, "z": 0.0, "pz": 0.16666666666666657}, "10": {"sorted_neighbours": [37], "is_fixed": true, "y": 5.0, "x": 6.0, "z": 0.0, "pz": 0.0}, "30": {"sorted_neighbours": [45], "is_fixed": true, "y": 6.0, "x": 6.0, "z": 0.0, "pz": 0.0}, "20": {"sorted_neighbours": [19], "is_fixed": true, "y": 7.0, "x": 6.0, "z": 0.0, "pz": 0.0}, "17": {"sorted_neighbours": [15, 8], "is_fixed": true, "y": 10.0, "x": 5.0, "z": 0.0, "pz": 0.16666666666666674}, "37": {"sorted_neighbours": [34, 9, 10, 45, 23], "is_fixed": false, "y": 5.0, "x": 5.0, "z": 3.9535964296902075, "pz": 0.25}, "27": {"sorted_neighbours": [38, 8, 5, 12, 19], "is_fixed": false, "y": 8.0, "x": 5.0, "z": 2.923078491171716, "pz": 0.5}, "42": {"sorted_neighbours": [34], "is_fixed": true, "y": 4.0, "x": 4.0, "z": 0.0, "pz": 0.0}, "12": {"sorted_neighbours": [5, 31, 2, 18, 19, 27], "is_fixed": false, "y": 8.0, "x": 4.0, "z": 2.944498016387018, "pz": 1.0}, "32": {"sorted_neighbours": [3, 23, 18, 2, 35, 28], "is_fixed": false, "y": 7.0, "x": 3.0, "z": 3.446360196641146, "pz": 1.0}, "22": {"sorted_neighbours": [33, 0, 25, 11], "is_fixed": true, "y": 7.0, "x": 0.0, "z": 0.0, "pz": 0.49999999999999994}, "19": {"sorted_neighbours": [12, 18, 45, 20, 27], "is_fixed": false, "y": 7.0, "x": 5.0, "z": 3.661165718586045, "pz": 0.5}, "39": {"sorted_neighbours": [16], "is_fixed": true, "y": 4.0, "x": 3.0, "z": 0.0, "pz": 0.0}, "29": {"sorted_neighbours": [8], "is_fixed": true, "y": 9.0, "x": 6.0, "z": 0.0, "pz": 0.0}, "41": {"sorted_neighbours": [4, 7, 43], "is_fixed": true, "y": 10.0, "x": 0.0, "z": 0.0, "pz": 0.33333333333333315}, "11": {"sorted_neighbours": [22, 25, 24, 4], "is_fixed": true, "y": 8.0, "x": 0.0, "z": 0.0, "pz": 0.5000000000000001}, "5": {"sorted_neighbours": [8, 15, 6, 31, 12, 27], "is_fixed": false, "y": 9.0, "x": 4.0, "z": 1.729556039223055, "pz": 1.0}, "4": {"sorted_neighbours": [11, 24, 7, 41], "is_fixed": true, "y": 9.0, "x": 0.0, "z": 0.0, "pz": 0.49999999999999994}, "7": {"sorted_neighbours": [41, 4, 24, 35, 26, 43], "is_fixed": false, "y": 9.0, "x": 1.0, "z": 2.1140649541041787, "pz": 1.0}, "6": {"sorted_neighbours": [15, 1, 31, 5], "is_fixed": true, "y": 10.0, "x": 3.0, "z": 0.0, "pz": 0.5}, "1": {"sorted_neighbours": [43, 26, 31, 6], "is_fixed": true, "y": 10.0, "x": 2.0, "z": 0.0, "pz": 0.49999999999999994}, "0": {"sorted_neighbours": [36, 25, 22, 33, 44, 14], "is_fixed": false, "y": 6.0, "x": 1.0, "z": 1.7295344949567295, "pz": 1.0}, "3": {"sorted_neighbours": [34, 23, 32, 28, 36, 16], "is_fixed": false, "y": 6.0, "x": 3.0, "z": 3.644758708173038, "pz": 1.0}, "2": {"sorted_neighbours": [32, 18, 12, 31, 26, 35], "is_fixed": false, "y": 8.0, "x": 3.0, "z": 2.990241573194284, "pz": 1.0}, "21": {"sorted_neighbours": [14], "is_fixed": true, "y": 4.0, "x": 2.0, "z": 0.0, "pz": 0.0}, "31": {"sorted_neighbours": [1, 26, 2, 12, 5, 6], "is_fixed": false, "y": 9.0, "x": 3.0, "z": 1.8414144206034209, "pz": 1.0}, "9": {"sorted_neighbours": [37], "is_fixed": true, "y": 4.0, "x": 5.0, "z": 0.0, "pz": 0.0}, "8": {"sorted_neighbours": [17, 15, 5, 27, 29], "is_fixed": false, "y": 9.0, "x": 5.0, "z": 1.7028381430672745, "pz": 0.5}, "44": {"sorted_neighbours": [0, 33, 40, 13, 14], "is_fixed": false, "y": 5.0, "x": 1.0, "z": 1.7026800062419072, "pz": 0.5}, "14": {"sorted_neighbours": [16, 36, 0, 44, 21], "is_fixed": false, "y": 5.0, "x": 2.0, "z": 2.922860516110829, "pz": 0.5}, "34": {"sorted_neighbours": [37, 23, 3, 16, 42], "is_fixed": false, "y": 5.0, "x": 4.0, "z": 3.917561719304397, "pz": 0.5}, "24": {"sorted_neighbours": [35, 7, 4, 11, 25, 28], "is_fixed": false, "y": 8.0, "x": 1.0, "z": 2.0056307203160144, "pz": 1.0}, "43": {"sorted_neighbours": [41, 7, 26, 1], "is_fixed": true, "y": 10.0, "x": 1.0, "z": 0.0, "pz": 0.5}, "13": {"sorted_neighbours": [44], "is_fixed": true, "y": 4.0, "x": 1.0, "z": 0.0, "pz": 0.0}, "33": {"sorted_neighbours": [40, 44, 0, 22], "is_fixed": true, "y": 6.0, "x": 0.0, "z": 0.0, "pz": 0.5}, "23": {"sorted_neighbours": [32, 3, 34, 37, 45, 18], "is_fixed": false, "y": 6.0, "x": 4.0, "z": 3.8305064492676193, "pz": 1.0}}, "edge": {"16": {"39": {"is_symmetry": true, "is_ind": false, "q": 0.0}, "3": {"is_ind": false, "q": 0.0010000000003498322}, "34": {"is_ind": false, "q": 1.0383261687280023}}, "36": {"28": {"is_ind": false, "q": 0.0010000000000730536}, "16": {"is_ind": false, "q": 0.0010000000010153755}, "3": {"is_ind": false, "q": 1.9423813223831008}}, "26": {"31": {"is_ind": false, "q": 0.0010000000004045104}, "1": {"is_ind": false, "q": 0.8639613402344042}, "43": {"is_ind": false, "q": 0.001000000000941581}, "2": {"is_ind": false, "q": 0.0010000000005068177}}, "45": {"30": {"is_symmetry": true, "is_ind": false, "q": 0.0}, "19": {"is_ind": false, "q": 1.0381148001814962}}, "15": {"17": {"is_ind": true, "q": 0.0010000000002011534}}, "18": {"45": {"is_ind": false, "q": 0.0009999999992729158}, "12": {"is_ind": false, "q": 1.9423276210117004}, "19": {"is_ind": false, "q": 0.0010000000003270726}}, "35": {"26": {"is_ind": false, "q": 0.8639613402348343}, "32": {"is_ind": false, "q": 1.149060342304164}, "2": {"is_ind": false, "q": 0.0010000000001488818}}, "25": {"28": {"is_ind": false, "q": 1.4428709178555323}, "36": {"is_ind": false, "q": 0.001000000002604029}, "11": {"is_ind": false, "q": 0.0010000000020853328}, "24": {"is_ind": false, "q": 0.0010000000007046874}}, "28": {"32": {"is_ind": false, "q": 1.4428709178560257}, "35": {"is_ind": false, "q": 0.0009999999995841714}, "3": {"is_ind": false, "q": 0.000999999999477641}}, "38": {}, "40": {"44": {"is_ind": false, "q": 1.0353261687264739}, "33": {"is_ind": true, "q": 0.0010000000008712833}}, "10": {}, "30": {}, "20": {}, "17": {}, "37": {"45": {"is_ind": false, "q": 1.039114800180761}, "9": {"is_symmetry": true, "is_ind": false, "q": 0.0}, "10": {"is_symmetry": true, "is_ind": false, "q": 0.0}}, "27": {"8": {"is_ind": false, "q": 1.0361148001819638}, "38": {"is_symmetry": true, "is_ind": false, "q": 0.0}}, "42": {}, "12": {"27": {"is_ind": false, "q": 0.001000000000074719}, "19": {"is_ind": false, "q": 0.0010000000001058051}, "5": {"is_ind": false, "q": 1.9423276210113891}}, "32": {"23": {"is_ind": false, "q": 2.5909312601614674}, "18": {"is_ind": true, "q": 0.0009999999987228203}, "2": {"is_ind": false, "q": 1.4428709178565868}}, "22": {"11": {"is_ind": true,