{"attributes": {"name": "FormDiagram", "color.vertex": [255, 255, 255], "color.edge": [0, 0, 0], "color.face": [0, 255, 255], "color.vertex:is_fixed": [255, 0, 0], "indset": "0.000,5.500,0.000-0.000,6.500,0.000-0.000,7.500,0.000-0.000,8.500,0.000-0.000,9.500,0.000-0.500,6.000,0.000-0.500,7.000,0.000-0.500,8.000,0.000-0.500,9.000,0.000-1.000,4.500,0.000-1.000,5.500,0.000-2.000,4.500,0.000-2.000,5.500,0.000-2.000,6.500,0.000-2.000,7.500,0.000-2.500,6.000,0.000-2.500,7.500,0.000-2.500,8.500,0.000-3.000,4.500,0.000-3.000,5.500,0.000-3.500,5.000,0.000-3.500,5.500,0.000-3.500,6.000,0.000-4.500,5.500,0.000-4.500,6.500,0.000", "loadpath": 83.34185504665939}, "dva": {"x": 0.0, "y": 0.0, "z": 0.0, "is_fixed": false, "cx": 0.0, "cy": 0.0}, "dea": {"q": 1.0, "f": 0.0, "l": 0.0, "is_ind": false, "is_element": false, "is_reaction": false, "is_load": false, "is_symmetry": false}, "dfa": {}, "vertex": {"0": {"is_roller": false, "cx": 0.0, "cy": 0.0, "is_fixed": false, "pz": 1.0, "z": 1.654657658194427, "y": 6.0, "x": 1.0, "sorted_neighbours": [4, 3, 12, 9, 19, 22], "lb": 0, "ub": 20}, "1": {"is_roller": false, "cx": 0.0, "cy": 0.0, "is_fixed": false, "pz": 1.0, "z": 1.7032164709546178, "y": 7.0, "x": 1.0, "sorted_neighbours": [4, 5, 25, 6, 12, 29], "lb": 0, "ub": 20}, "2": {"is_roller": false, "cx": 0.0, "cy": 0.0, "is_fixed": false, "pz": 1.0, "z": 1.8209260324402134, "y": 8.0, "x": 1.0, "sorted_neighbours": [6, 3, 5, 0, 28, 8], "lb": 0, "ub": 20}, "3": {"is_roller": false, "cx": 0.0, "cy": 0.0, "is_fixed": false, "pz": 1.85, "z": 2.0676250305331623, "y": 9.0, "x": 1.0, "sorted_neighbours": [23, 8, 25, 0, 26], "lb": 0, "ub": 20}, "4": {"is_roller": false, "cx": 0.0, "cy": 0.0, "is_fixed": false, "pz": 1.0, "z": 2.922060206451464, "y": 7.0, "x": 2.0, "sorted_neighbours": [1, 0, 25, 3, 4, 27], "lb": 0, "ub": 20}, "5": {"is_roller": false, "cx": 0.0, "cy": 0.0, "is_fixed": false, "pz": 1.5000000000000004, "z": 3.656545801242285, "y": 7.0, "x": 3.0, "sorted_neighbours": [17, 0, 5, 27, 20], "lb": 0, "ub": 20}, "6": {"is_roller": false, "cx": 0.0, "cy": 0.0, "is_fixed": true, "pz": 0.8666666666666665, "z": 0.0, "y": 5.0, "x": 0.0, "sorted_neighbours": [19, 9], "lb": 0, "ub": 20}, "7": {"is_roller": false, "cx": 0.0, "cy": 0.0, "is_fixed": false, "pz": 0.5, "z": 1.632461991467291, "y": 5.0, "x": 1.0, "sorted_neighbours": [9, 2, 16, 22, 29], "lb": 0, "ub": 20}, "8": {"is_roller": false, "cx": 0.0, "cy": 0.0, "is_fixed": true, "pz": 0.55, "z": 0.0, "y": 10.0, "x": 2.0, "sorted_neighbours": [28], "lb": 0, "ub": 20}, "9": {"is_roller": false, "cx": 0.0, "cy": 0.0, "is_fixed": false, "pz": 1.5, "z": 3.0026251743787893, "y": 8.0, "x": 2.0, "sorted_neighbours": [5, 1, 30, 28, 25], "lb": 0, "ub": 20}, "10": {"is_roller": false, "cx": 0.0, "cy": 0.0, "is_fixed": true, "pz": 0.75, "z": 0.0, "y": 7.0, "x": 0.0, "sorted_neighbours": [9, 29, 3, 6], "lb": 0, "ub": 20}, "11": {"is_roller": false, "cx": 0.0, "cy": 0.0, "is_fixed": false, "pz": 0.5, "z": 4.083264186849953, "y": 5.0, "x": 4.0, "sorted_neighbours": [18, 10, 14, 20, 27], "lb": 0, "ub": 20}, "12": {"is_roller": false, "cx": 0.0, "cy": 0.0, "is_fixed": false, "pz": 0.25, "z": 4.103166778136298, "y": 5.0, "x": 5.0, "sorted_neighbours": [7, 20, 11, 13], "lb": 0, "ub": 20}, "13": {"is_roller": false, "cx": 0.0, "cy": 0.0, "is_fixed": true, "pz": 0.5, "z": 0.0, "y": 8.0, "x": 4.0, "sorted_neighbours": [1], "lb": 0, "ub": 20}, "14": {"is_roller": false, "cx": 0.0, "cy": 0.0, "is_fixed": true, "pz": 0.7499999999999999, "z": 0.0, "y": 6.0, "x": 0.0, "sorted_neighbours": [2, 19, 29, 12], "lb": 0, "ub": 20}, "15": {"is_roller": false, "cx": 0.0, "cy": 0.0, "is_fixed": false, "pz": 1.0, "z": 3.6722645751778886, "y": 6.0, "x": 3.0, "sorted_neighbours": [1, 5, 4, 18, 11, 20], "lb": 0, "ub": 20}, "16": {"is_roller": false, "cx": 0.0, "cy": 0.0, "is_fixed": false, "pz": 0.5, "z": 2.8571544645649505, "y": 5.0, "x": 2.0, "sorted_neighbours": [18, 4, 29, 19, 21], "lb": 0, "ub": 20}, "17": {"is_roller": false, "cx": 0.0, "cy": 0.0, "is_fixed": true, "pz": 0.7500000000000003, "z": 0.0, "y": 8.0, "x": 0.0, "sorted_neighbours": [12, 3, 25, 8], "lb": 0, "ub": 20}, "18": {"is_roller": false, "cx": 0.0, "cy": 0.0, "is_fixed": true, "pz": 0.75, "z": 0.0, "y": 9.0, "x": 0.0, "sorted_neighbours": [6, 25, 28, 23], "lb": 0, "ub": 20}, "19": {"is_roller": false, "cx": 0.0, "cy": 0.0, "is_fixed": false, "pz": 1.0, "z": 2.8787452873997585, "y": 6.0, "x": 2.0, "sorted_neighbours": [18, 27, 5, 3, 29, 22], "lb": 0, "ub": 20}, "20": {"is_roller": false, "cx": 0.0, "cy": 0.0, "is_fixed": true, "pz": 0.27083333333333326, "z": 0.0, "y": 5.0, "x": 6.0, "sorted_neighbours": [14], "lb": 0, "ub": 20}, "21": {"is_roller": false, "cx": 0.0, "cy": 0.0, "is_fixed": false, "pz": 1.5, "z": 4.035216904188372, "y": 6.0, "x": 4.0, "sorted_neighbours": [1, 27, 11, 14, 24], "lb": 0, "ub": 20}, "22": {"is_roller": false, "cx": 0.0, "cy": 0.0, "is_fixed": false, "pz": 0.5, "z": 3.6740810568211706, "y": 5.0, "x": 3.0, "sorted_neighbours": [11, 27, 4, 22, 15], "lb": 0, "ub": 20}, "23": {"is_roller": false, "cx": 0.0, "cy": 0.0, "is_fixed": true, "pz": 0.8416666666666666, "z": 0.0, "y": 10.0, "x": 0.0, "sorted_neighbours": [8, 28], "lb": 0, "ub": 20}, "24": {"is_roller": false, "cx": 0.0, "cy": 0.0, "is_fixed": true, "pz": 0.25, "z": 0.0, "y": 4.0, "x": 4.0, "sorted_neighbours": [11], "lb": 0, "ub": 20}, "25": {"is_roller": false, "cx": 0.0, "cy": 0.0, "is_fixed": true, "pz": 0.5625, "z": 0.0, "y": 7.0, "x": 5.0, "sorted_neighbours": [20], "lb": 0, "ub": 20}, "26": {"is_roller": false, "cx": 0.0, "cy": 0.0, "is_fixed": true, "pz": 0.25, "z": 0.0, "y": 4.0, "x": 2.0, "sorted_neighbours": [22], "lb": 0, "ub": 20}, "27": {"is_roller": false, "cx": 0.0, "cy": 0.0, "is_fixed": true, "pz": 0.20833333333333326, "z": 0.0, "y": 4.0, "x": 5.0, "sorted_neighbours": [14], "lb": 0, "ub": 20}, "28": {"is_roller": false, "cx": 0.0, "cy": 0.0, "is_fixed": true, "pz": 0.5, "z": 0.0, "y": 9.0, "x": 3.0, "sorted_neighbours": [0], "lb": 0, "ub": 20}, "29": {"is_roller": false, "cx": 0.0, "cy": 0.0, "is_fixed": true, "pz": 0.25, "z": 0.0, "y": 4.0, "x": 1.0, "sorted_neighbours": [19], "lb": 0, "ub": 20}, "30": {"is_roller": false, "cx": 0.0, "cy": 0.0, "is_fixed": true, "pz": 0.25, "z": 0.0, "y": 4.0, "x": 3.0, "sorted_neighbours": [18], "lb": 0, "ub": 20}}, "edge": {"0": {"1": {"is_symmetry": false, "q": 0.0010000002562313085, "f": 0.0, "l": 0.0, "is_ind": false, "is_element": false, "is_reaction": false, "is_load": false}, "16": {"is_symmetry": false, "q": 9.99980995750658e-06, "f": 0.0, "l": 0.0, "is_ind": false, "is_element": false, "is_reaction": false, "is_load": false}, "19": {"is_symmetry": false, "q": 2.322553299828423, "f": 0.0, "l": 0.0, "is_ind": false, "is_element": false, "is_reaction": false, "is_load": false}, "10": {"is_symmetry": false, "q": 9.999555549969541e-06, "f": 0.0, "l": 0.0, "is_ind": false, "is_element": false, "is_reaction": false, "is_load": false}}, "1": {"2": {"is_symmetry": false, "q": 0.0010000002698088261, "f": 0.0, "l": 0.0, "is_ind": false, "is_element": false, "is_reaction": false, "is_load": false}, "4": {"is_symmetry": false, "q": 2.0646576504164194, "f": 0.0, "l": 0.0, "is_ind": false, "is_element": false, "is_reaction": false, "is_load": false}, "19": {"is_symmetry": false, "q": 9.99995354325294e-06, "f": 0.0, "l": 0.0, "is_ind": false, "is_element": false, "is_reaction": false, "is_load": false}, "17": {"is_symmetry": false, "q": 9.999939965191955e-06, "f": 0.0, "l": 0.0, "is_ind": false, "is_element": false, "is_reaction": false, "is_load": false}}, "2": {"3": {"is_symmetry": false, "q": 0.0010000003082037085, "f": 0.0, "l": 0.0, "is_ind": false, "is_element": false, "is_reaction": false, "is_load": false}, "9": {"is_symmetry": false, "q": 1.5645802866274194, "f": 0.0, "l": 0.0, "is_ind": false, "is_element": false, "is_reaction": false, "is_load": false}, "18": {"is_symmetry": false, "q": 9.99996340147948e-06, "f": 0.0, "l": 0.0, "is_ind": false,