{"attributes": {"name": "FormDiagram", "color.vertex": [255, 255, 255], "color.edge": [0, 0, 0], "color.face": [0, 255, 255], "color.vertex:is_fixed": [255, 0, 0], "indset": "1.500,1.500,0.000-1.500,3.500,0.000-2.000,1.000,0.000-2.500,0.500,0.000-2.500,4.500,0.000-3.000,2.000,0.000-4.500,3.500,0.000-5.500,3.000,0.000-5.500,4.000,0.000", "loadpath": 107.16634082033603}, "dva": {"x": 0.0, "y": 0.0, "z": 0.0, "is_fixed": false, "cx": 0.0, "cy": 0.0}, "dea": {"q": 1.0, "f": 0.0, "l": 0.0, "is_ind": false, "is_element": false, "is_reaction": false, "is_load": false, "is_symmetry": false}, "dfa": {}, "vertex": {"0": {"cy": 0.0, "p": 0, "sorted_neighbours": [3, 12, 15, 4, 20], "is_fixed": false, "y": 4.999999999999999, "x": 3.0000000000000027, "z": 3.9625776559894, "cx": 0.0, "pz": 1.5333333333333332}, "1": {"cy": 0.0, "p": 0, "sorted_neighbours": [8, 6, 1, 20, 13, 15], "is_fixed": false, "y": 3.0, "x": 3.0000000000000018, "z": 3.688427902429768, "cx": 0.0, "pz": 2.0}, "2": {"cy": 0.0, "p": 0, "sorted_neighbours": [1, 4, 8, 19], "is_fixed": false, "y": 2.0, "x": 4.000000000000002, "z": 3.253042362956929, "cx": 0.0, "pz": 1.1000000000000003}, "3": {"cy": 0.0, "p": 0, "sorted_neighbours": [5, 10, 8, 15], "is_fixed": false, "y": 3.0, "x": 1.0000000000000018, "z": 1.9649339398672903, "cx": 0.0, "pz": 1.4666666666666666}, "4": {"cy": 0.0, "p": 0, "sorted_neighbours": [0], "is_fixed": true, "y": 2.0, "x": 1.7763568394002505e-15, "z": 0.0, "cx": 0.0, "pz": 0.55}, "5": {"cy": 0.0, "p": 0, "sorted_neighbours": [9, 21, 20], "is_fixed": false, "y": 4.999999999999999, "x": 5.000000000000001, "z": 5.1145553478654255, "cx": 0.0, "pz": 0.866666666666666}, "6": {"cy": 0.0, "p": 0, "sorted_neighbours": [18], "is_fixed": true, "y": 5.0, "x": 6.0, "z": 0.0, "cx": 0.0, "pz": 0.23333333333333295}, "7": {"cy": 0.0, "p": 0, "sorted_neighbours": [4, 1, 7, 18, 17, 13], "is_fixed": false, "y": 4.0, "x": 4.000000000000002, "z": 4.685739182669852, "cx": 0.0, "pz": 1.8666666666666658}, "8": {"cy": 0.0, "p": 0, "sorted_neighbours": [2, 20, 4, 6, 14], "is_fixed": false, "y": 2.999999999999999, "x": 5.000000000000003, "z": 3.993841917991085, "cx": 0.0, "pz": 1.5333333333333323}, "9": {"cy": 0.0, "p": 0, "sorted_neighbours": [13], "is_fixed": true, "y": 5.0, "x": 2.0, "z": 0.0, "cx": 0.0, "pz": 0.3833333333333346}, "10": {"cy": 0.0, "p": 0, "sorted_neighbours": [1], "is_fixed": true, "y": 2.0, "x": 5.0, "z": 0.0, "cx": 0.0, "pz": 0.38333333333333225}, "11": {"cy": 0.0, "p": 0, "sorted_neighbours": [6, 4, 15, 0, 10, 19], "is_fixed": false, "y": 2.0, "x": 2.0000000000000018, "z": 2.126561713419671, "cx": 0.0, "pz": 2.0}, "12": {"cy": 0.0, "p": 0, "sorted_neighbours": [0, 8, 4, 13], "is_fixed": false, "y": 4.0, "x": 2.0000000000000018, "z": 3.2272400558522074, "cx": 0.0, "pz": 1.1}, "13": {"cy": 0.0, "p": 0, "sorted_neighbours": [6, 8, 10, 22], "is_fixed": false, "y": 1.0, "x": 3.0000000000000018, "z": 1.9808099696013164, "cx": 0.0, "pz": 1.4666666666666668}, "14": {"cy": 0.0, "p": 0, "sorted_neighbours": [13], "is_fixed": true, "y": 6.0, "x": 3.0, "z": 0.0, "cx": 0.0, "pz": 0.23333333333333328}, "15": {"cy": 0.0, "p": 0, "sorted_neighbours": [19, 8, 0], "is_fixed": true, "y": 1.0, "x": 1.0000000000000018, "z": 0.0, "cx": 0.0, "pz": 1.0666666666666664}, "16": {"cy": 0.0, "p": 0, "sorted_neighbours": [1], "is_fixed": true, "y": 3.0, "x": 6.0, "z": 0.0, "cx": 0.0, "pz": 0.23333333333333278}, "17": {"cy": 0.0, "p": 0, "sorted_neighbours": [20, 16], "is_fixed": false, "y": 5.0, "x": 4.0, "z": 4.94928530402559, "cx": 0.0, "pz": 0.3999999999999999}, "18": {"cy": 0.0, "p": 0, "sorted_neighbours": [17], "is_fixed": true, "y": 6.0, "x": 4.0, "z": 0.0, "cx": 0.0, "pz": 0.19999999999999996}, "19": {"cy": 0.0, "p": 0, "sorted_neighbours": [19], "is_fixed": true, "y": 0.0, "x": 2.0000000000000018, "z": 0.0, "cx": 0.0, "pz": 0.55}, "20": {"cy": 0.0, "p": 0, "sorted_neighbours": [18], "is_fixed": true, "y": 6.0, "x": 5.0, "z": 0.0, "cx": 0.0, "pz": 0.2333333333333334}, "21": {"cy": 0.0, "p": 0, "sorted_neighbours": [20, 11], "is_fixed": false, "y": 4.0, "x": 5.000000000000003, "z": 4.948533210107812, "cx": 0.0, "pz": 0.3999999999999998}, "22": {"cy": 0.0, "p": 0, "sorted_neighbours": [7], "is_fixed": true, "y": 4.0, "x": 6.0, "z": 0.0, "cx": 0.0, "pz": 0.19999999999999954}}, "edge": {"0": {"1": {"is_symmetry": false, "q": 0.00036229012208466104, "f": 0.0, "l": 0.0, "is_ind": false, "is_element": false, "is_reaction": false, "is_load": false}, "7": {"is_symmetry": false, "q": 0.0023715946478147787, "f": 0.0, "l": 0.0, "is_ind": false, "is_element": false, "is_reaction": false, "is_load": false}, "9": {"is_symmetry": true, "q": -0.0, "f": 0.0, "l": 0.0, "is_ind": false, "is_element": false, "is_reaction": false, "is_load": false}, "14": {"is_symmetry": true, "q": 0.0, "f": 0.0, "l": 0.0, "is_ind": false, "is_element": false, "is_reaction": false, "is_load": false}}, "1": {"2": {"is_symmetry": false, "q": -9.99999994210128e-07, "f": 0.0, "l": 0.0, "is_ind": false, "is_element": false, "is_reaction": false, "is_load": false}, "8": {"is_symmetry": false, "q": 0.0003563290484376015, "f": 0.0, "l": 0.0, "is_ind": false, "is_element": false, "is_reaction": false, "is_load": false}, "12": {"is_symmetry": false, "q": -6.961073644270201e-06, "f": 0.0, "l": 0.0, "is_ind": false, "is_element": false, "is_reaction": false, "is_load": false}}, "2": {"13": {"is_symmetry": false, "q": 2.0698743088736213, "f": 0.0, "l": 0.0, "is_ind": false, "is_element": false, "is_reaction": false, "is_load": false}, "8": {"is_symmetry": false, "q": 2.0698753088736233, "f": 0.0, "l": 0.0, "is_ind": false, "is_element": false, "is_reaction": false, "is_load": false}}, "3": {"4": {"is_symmetry": false, "q": 2.0873933548713937, "f": 0.0, "l": 0.0, "is_ind": false, "is_element": false, "is_reaction": false, "is_load": false}, "15": {"is_symmetry": false, "q": 6.961073640630278e-06, "f": 0.0, "l": 0.0, "is_ind": false, "is_element": false, "is_reaction": false, "is_load": false}, "11": {"is_symmetry": false, "q": -6.961073640471439e-06, "f": 0.0, "l": 0.0, "is_ind": false, "is_element": false, "is_reaction": false, "is_load": false}}, "4": {}, "5": {"6": {"is_symmetry": true, "q": 0.0, "f": 0.0, "l": 0.0, "is_ind": false, "is_element": false, "is_reaction": false, "is_load": false}, "7": {"is_symmetry": false, "q": 2.021068087000399, "f": 0.0, "l": 0.0, "is_ind": false, "is_element": false, "is_reaction": false, "is_load": false}, "20": {"is_symmetry": true, "q": 0.0, "f": 0.0, "l": 0.0, "is_ind": false, "is_element": false, "is_reaction": false, "is_load": false}}, "6": {}, "7": {"1": {"is_symmetry": false, "q": 3.541000843924111, "f": 0.0, "l": 0.0, "is_ind": false, "is_element": false, "is_reaction": false, "is_load": false}, "21": {"is_symmetry": false, "q": 1.5221046075502238, "f": 0.0, "l": 0.0, "is_ind": false, "is_element": false, "is_reaction": false, "is_load": false}}, "8": {"10": {"is_symmetry": true, "q": -0.0, "f": 0.0, "l": 0.0, "is_ind": false, "is_element": false, "is_reaction": false, "is_load": false}, "7": {"is_symmetry": false, "q": 0.00019974402130708228, "f": 0.0, "l": 0.0, "is_ind": true, "is_element": false, "is_reaction": false, "is_load": false}, "16": {"is_symmetry": true, "q": 0.0, "f": 0.0, "l": 0.0, "is_ind": true, "is_element": false, "is_reaction": false, "is_load": false}}, "9": {}, "10": {}, "11": {"1": {"is_symmetry": false, "q": 3.541719463094634, "f": 0.0, "l": 0.0, "is_ind": false, "is_element": false, "is_reaction": false, "is_load": false}, "2": {"is_symmetry": false, "q": 1e-06, "f": 0.0, "l": 0.0, "is_ind": true, "is_element": false, "is_reaction": false, "is_load": false}, "15": {"is_symmetry": false, "q": 3.5417274241682755, "f": 0.0, "l": 0.0, "is_ind": true, "is_element": false, "is_reaction": false, "is_load": false}}, "12": {"11": {"is_symmetry": false, "q": 6.961073637641396e-06, "f": 0.0, "l": 0.0, "is_ind": false, "is_element": false, "is_reaction": false, "is_load": false},