{"dea": {}, "dva": {"z": 0.0, "is_fixed": false, "y": 0.0, "x": 0.0}, "vertex": {"16": {"sorted_neighbours": [6], "is_fixed": true, "y": 1.0, "x": 9.0, "z": 0.0, "pz": 1.8181818181818181}, "36": {"sorted_neighbours": [42, 3, 18, 13, 30, 23, 26, 20], "is_fixed": false, "y": 4.999999999999999, "x": 5.000000000000001, "z": 0.0, "pz": 2.6666666666666616}, "26": {"sorted_neighbours": [36, 23, 15, 34, 39, 20], "is_fixed": false, "y": 5.999999999999998, "x": 4.000000000000002, "z": 0.0, "pz": 1.9999999999999998}, "15": {"sorted_neighbours": [32, 34, 26, 23], "is_fixed": false, "y": 7.999999999999998, "x": 4.000000000000002, "z": 0.0, "pz": 1.8181818181818183}, "18": {"sorted_neighbours": [36, 3, 12, 8, 44, 13], "is_fixed": false, "y": 4.0, "x": 6.0, "z": 0.0, "pz": 1.9999999999999984}, "35": {"sorted_neighbours": [34, 32, 4, 10, 14, 29], "is_fixed": false, "y": 7.999999999999998, "x": 2.0000000000000018, "z": 0.0, "pz": 6.1515151515151505}, "25": {"sorted_neighbours": [30, 31, 27, 24, 33, 37], "is_fixed": false, "y": 6.999999999999998, "x": 7.0, "z": 0.0, "pz": 1.9999999999999998}, "28": {"sorted_neighbours": [1, 6], "is_fixed": true, "y": 2.0, "x": 10.0, "z": 0.0, "pz": 2.242424242424242}, "38": {"sorted_neighbours": [33, 24], "is_fixed": true, "y": 9.999999999999998, "x": 8.0, "z": 0.0, "pz": 2.2424242424242418}, "40": {"sorted_neighbours": [9, 5, 11, 43], "is_fixed": false, "y": 1.0, "x": 3.0000000000000018, "z": 0.0, "pz": 1.818181818181817}, "10": {"sorted_neighbours": [35], "is_fixed": true, "y": 8.999999999999998, "x": 1.0000000000000018, "z": 0.0, "pz": 1.8181818181818177}, "30": {"sorted_neighbours": [36, 13, 31, 25, 37, 23], "is_fixed": false, "y": 5.999999999999998, "x": 6.0, "z": 0.0, "pz": 1.9999999999999982}, "20": {"sorted_neighbours": [42, 36, 26, 39, 22], "is_fixed": false, "y": 4.999999999999998, "x": 3.0000000000000018, "z": 0.0, "pz": 2.1515151515151487}, "17": {"sorted_neighbours": [11], "is_fixed": true, "y": 1.0, "x": 1.0000000000000018, "z": 0.0, "pz": 1.818181818181818}, "37": {"sorted_neighbours": [23, 30, 25, 33], "is_fixed": false, "y": 7.999999999999998, "x": 6.0, "z": 0.0, "pz": 1.8181818181818177}, "27": {"sorted_neighbours": [0, 24, 25, 31], "is_fixed": false, "y": 6.999999999999998, "x": 9.0, "z": 0.0, "pz": 1.8181818181818177}, "42": {"sorted_neighbours": [5, 9, 3, 36, 20, 22], "is_fixed": false, "y": 4.0, "x": 4.000000000000003, "z": 0.0, "pz": 1.9999999999999971}, "12": {"sorted_neighbours": [41, 8, 18, 3], "is_fixed": false, "y": 2.0, "x": 6.0, "z": 0.0, "pz": 1.8181818181818183}, "32": {"sorted_neighbours": [4, 35, 34, 15], "is_fixed": false, "y": 8.999999999999998, "x": 3.0000000000000018, "z": 0.0, "pz": 1.8181818181818183}, "22": {"sorted_neighbours": [2, 5, 42, 20], "is_fixed": false, "y": 4.0, "x": 2.0000000000000018, "z": 0.0, "pz": 1.8181818181818188}, "19": {"sorted_neighbours": [6, 41], "is_fixed": true, "y": 0.0, "x": 8.0, "z": 0.0, "pz": 2.242424242424242}, "39": {"sorted_neighbours": [29, 20, 26, 34], "is_fixed": false, "y": 5.999999999999998, "x": 2.0000000000000018, "z": 0.0, "pz": 1.8181818181818172}, "29": {"sorted_neighbours": [39, 34, 35, 14], "is_fixed": false, "y": 6.999999999999998, "x": 1.0000000000000018, "z": 0.0, "pz": 1.8181818181818172}, "41": {"sorted_neighbours": [19, 6, 8, 12], "is_fixed": false, "y": 1.0, "x": 7.0, "z": 0.0, "pz": 1.8181818181818183}, "11": {"sorted_neighbours": [5, 2, 7, 17, 43, 40], "is_fixed": false, "y": 2.0, "x": 2.0000000000000018, "z": 0.0, "pz": 6.151515151515151}, "5": {"sorted_neighbours": [2, 11, 40, 9, 42, 22], "is_fixed": false, "y": 2.999999999999999, "x": 3.0000000000000027, "z": 0.0, "pz": 2.0}, "4": {"sorted_neighbours": [35, 32], "is_fixed": true, "y": 9.999999999999998, "x": 2.0000000000000018, "z": 0.0, "pz": 2.2424242424242418}, "7": {"sorted_neighbours": [11, 2], "is_fixed": true, "y": 2.0, "x": 8.8817841970012523e-16, "z": 0.0, "pz": 2.242424242424244}, "6": {"sorted_neighbours": [1, 8, 41, 19, 16, 28], "is_fixed": false, "y": 2.0, "x": 8.0, "z": 0.0, "pz": 6.1515151515151505}, "1": {"sorted_neighbours": [44, 8, 6, 28], "is_fixed": false, "y": 3.0, "x": 9.0, "z": 0.0, "pz": 1.818181818181818}, "0": {"sorted_neighbours": [24, 27], "is_fixed": true, "y": 7.999999999999998, "x": 10.0, "z": 0.0, "pz": 2.2424242424242418}, "3": {"sorted_neighbours": [36, 42, 9, 12, 18], "is_fixed": false, "y": 3.0, "x": 5.0, "z": 0.0, "pz": 2.151515151515149}, "2": {"sorted_neighbours": [22, 7, 11, 5], "is_fixed": false, "y": 2.999999999999999, "x": 1.0000000000000018, "z": 0.0, "pz": 1.818181818181819}, "21": {"sorted_neighbours": [24], "is_fixed": true, "y": 8.999999999999998, "x": 9.0, "z": 0.0, "pz": 1.818181818181818}, "31": {"sorted_neighbours": [27, 25, 30, 13], "is_fixed": false, "y": 5.999999999999998, "x": 8.0, "z": 0.0, "pz": 1.8181818181818177}, "9": {"sorted_neighbours": [3, 42, 5, 40], "is_fixed": false, "y": 2.0, "x": 4.000000000000002, "z": 0.0, "pz": 1.818181818181816}, "8": {"sorted_neighbours": [12, 41, 6, 1, 44, 18], "is_fixed": false, "y": 3.0, "x": 7.0, "z": 0.0, "pz": 2.0}, "44": {"sorted_neighbours": [13, 18, 8, 1], "is_fixed": false, "y": 4.0, "x": 8.0, "z": 0.0, "pz": 1.8181818181818172}, "14": {"sorted_neighbours": [29, 35], "is_fixed": true, "y": 7.999999999999998, "x": 1.7763568394002505e-15, "z": 0.0, "pz": 2.2424242424242413}, "34": {"sorted_neighbours": [15, 32, 35, 29, 39, 26], "is_fixed": false, "y": 6.999999999999998, "x": 3.0000000000000018, "z": 0.0, "pz": 1.9999999999999998}, "24": {"sorted_neighbours": [0, 21, 38, 33, 25, 27], "is_fixed": false, "y": 7.999999999999998, "x": 8.0, "z": 0.0, "pz": 6.151515151515151}, "43": {"sorted_neighbours": [40, 11], "is_fixed": true, "y": 0.0, "x": 2.0000000000000018, "z": 0.0, "pz": 2.2424242424242413}, "13": {"sorted_neighbours": [31, 30, 36, 18, 44], "is_fixed": false, "y": 4.999999999999998, "x": 7.0, "z": 0.0, "pz": 2.1515151515151496}, "33": {"sorted_neighbours": [38, 37, 25, 24], "is_fixed": false, "y": 8.999999999999998, "x": 7.0, "z": 0.0, "pz": 1.8181818181818183}, "23": {"sorted_neighbours": [36, 30, 37, 15, 26], "is_fixed": false, "y": 6.999999999999998, "x": 5.000000000000002, "z": 0.0, "pz": 2.15151515151515}}, "halfedge": {"16": {"6": "None"}, "36": {"26": "None", "42": "None", "18": "None", "13": "None", "30": "None", "3": "None", "20": "None", "23": "None"}, "26": {"36": "None", "34": "None", "15": "None", "39": "None", "20": "None", "23": "None"}, "15": {"26": "None", "32": "None", "23": "None", "34": "None"}, "18": {"36": "None", "44": "None", "12": "None", "13": "None", "3": "None", "8": "None"}, "35": {"14": "None", "34": "None", "32": "None", "4": "None", "10": "None", "29": "None"}, "25": {"37": "None", "24": "None", "27": "None", "30": "None", "33": "None", "31": "None"}, "28": {"6": "None", "1": "None"}, "38": {"33": "None", "24": "None"}, "40": {"5": "None", "43": "None", "9": "None", "11": "None"}, "10": {"35": "None"}, "30": {"36": "None", "37": "None", "25": "None", "13": "None", "23": "None", "31": "None"}, "20": {"36": "None", "26": "None", "42": "None", "22": "None", "39": "None"}, "17": {"11": "None"}, "37": {"30": "None", "33": "None", "23": "None", "25": "None"}, "27": {"25": "None", "31": "None", "0": "None", "24": "None"}, "42": {"36": "None", "5": "None", "22": "None", "3": "None", "20": "None", "9": "None"}, "12": {"41": "None", "18": "None", "8": "None", "3": "None"}, "32": {"4": "None", "15": "None", "35": "None", "34": "None"}, "22": {"5": "None", "20": "None", "42": "None", "2": "None"}, "19": {"41": "None", "6": "None"}, "39": {"20": "None", "26": "None", "29": "None", "34": "None"}, "29": {"14": "None", "39": "None", "35": "None", "34": "None"}, "41": {"12": "None", "19": "None", "6": "None", "8": "None"}, "11": {"17": "None", "5": "None", "40": "None", "7": "None", "43": "None", "2": "None"}, "5": {"42": "None", "40": "None", "22": "None", "2": "None", "11": "None", "9": "None"}, "4": {"32": "None", "35": "None"}, "7": {"11": "None", "2": "None"},