{"attributes": {"name": "FormDiagram", "color.vertex": [255, 255, 255], "color.edge": [0, 0, 0], "color.face": [0, 255, 255], "color.vertex:is_fixed": [255, 0, 0], "indset": "2.000,1.000,0.000-2.500,3.500,0.000-3.000,5.500,0.000-3.500,1.500,0.000-3.500,2.500,0.000-3.500,3.500,0.000-3.500,4.500,0.000-4.000,3.000,0.000-4.500,4.000,0.000", "loadpath": 59.51706048686104}, "dva": {"x": 0.0, "y": 0.0, "z": 0.0, "is_fixed": false, "cx": 0.0, "cy": 0.0}, "dea": {"q": 1.0, "f": 0.0, "l": 0.0, "is_ind": false, "is_element": false, "is_reaction": false, "is_load": false, "is_symmetry": false}, "dfa": {}, "vertex": {"0": {"is_roller": false, "cx": 0.0, "cy": 0.0, "is_fixed": false, "pz": 0.0, "z": 3.211080805602933, "y": 4.999999999999999, "x": 5.000000000000001, "sorted_neighbours": [3, 2, 20], "lb": 0, "ub": 20}, "1": {"is_roller": false, "cx": 0.0, "cy": 0.0, "is_fixed": true, "pz": 0.0, "z": 0.0, "y": 6.0, "x": 5.0, "sorted_neighbours": [11], "lb": 0, "ub": 20}, "2": {"is_roller": false, "cx": 0.0, "cy": 0.0, "is_fixed": false, "pz": 0.6666666666666671, "z": 3.2709833689637677, "y": 2.999999999999999, "x": 5.000000000000003, "sorted_neighbours": [3, 17, 1, 5, 4], "lb": 0, "ub": 20}, "3": {"is_roller": false, "cx": 0.0, "cy": 0.0, "is_fixed": true, "pz": 0.0, "z": 0.0, "y": 3.0, "x": 6.0, "sorted_neighbours": [12], "lb": 0, "ub": 20}, "4": {"is_roller": false, "cx": 0.0, "cy": 0.0, "is_fixed": false, "pz": 0.0, "z": 3.211080805602933, "y": 4.0, "x": 5.000000000000003, "sorted_neighbours": [3, 0], "lb": 0, "ub": 20}, "5": {"is_roller": false, "cx": 0.0, "cy": 0.0, "is_fixed": true, "pz": 0.0, "z": 0.0, "y": 4.0, "x": 6.0, "sorted_neighbours": [10], "lb": 0, "ub": 20}, "6": {"is_roller": false, "cx": 0.0, "cy": 0.0, "is_fixed": false, "pz": 1.0000000000000004, "z": 3.2067539802776155, "y": 4.0, "x": 2.0000000000000018, "sorted_neighbours": [18, 13, 17, 14], "lb": 0, "ub": 20}, "7": {"is_roller": false, "cx": 0.0, "cy": 0.0, "is_fixed": false, "pz": 0.6666666666666667, "z": 1.9593700767254154, "y": 3.0, "x": 1.0000000000000018, "sorted_neighbours": [21, 8, 13, 16], "lb": 0, "ub": 20}, "8": {"is_roller": false, "cx": 0.0, "cy": 0.0, "is_fixed": false, "pz": 0.6666666666666667, "z": 1.838771559421594, "y": 1.0, "x": 3.0000000000000018, "sorted_neighbours": [9, 1, 13, 8], "lb": 0, "ub": 20}, "9": {"is_roller": false, "cx": 0.0, "cy": 0.0, "is_fixed": true, "pz": 0.0, "z": 0.0, "y": 0.0, "x": 2.0000000000000018, "sorted_neighbours": [6], "lb": 0, "ub": 20}, "10": {"is_roller": false, "cx": 0.0, "cy": 0.0, "is_fixed": false, "pz": 2.0000000000000004, "z": 1.6842160862962563, "y": 2.0, "x": 2.0000000000000018, "sorted_neighbours": [8, 6, 1, 17, 16, 18], "lb": 0, "ub": 20}, "11": {"is_roller": false, "cx": 0.0, "cy": 0.0, "is_fixed": true, "pz": 0.6666666666666666, "z": 0.0, "y": 1.0, "x": 1.0000000000000018, "sorted_neighbours": [6, 13, 18], "lb": 0, "ub": 20}, "12": {"is_roller": false, "cx": 0.0, "cy": 0.0, "is_fixed": false, "pz": 1.0, "z": 3.0359356204642425, "y": 2.0, "x": 4.000000000000002, "sorted_neighbours": [12, 17, 13, 6], "lb": 0, "ub": 20}, "13": {"is_roller": false, "cx": 0.0, "cy": 0.0, "is_fixed": false, "pz": 0.6666666666666661, "z": 3.3838386961017575, "y": 4.999999999999999, "x": 3.0000000000000027, "sorted_neighbours": [19, 16, 17, 3, 22], "lb": 0, "ub": 20}, "14": {"is_roller": false, "cx": 0.0, "cy": 0.0, "is_fixed": true, "pz": 0.0, "z": 0.0, "y": 5.0, "x": 2.0, "sorted_neighbours": [14], "lb": 0, "ub": 20}, "15": {"is_roller": false, "cx": 0.0, "cy": 0.0, "is_fixed": true, "pz": 0.0, "z": 0.0, "y": 2.0, "x": 5.0, "sorted_neighbours": [12], "lb": 0, "ub": 20}, "16": {"is_roller": false, "cx": 0.0, "cy": 0.0, "is_fixed": false, "pz": 2.0000000000000004, "z": 2.765642619608431, "y": 3.0, "x": 3.0000000000000018, "sorted_neighbours": [13, 1, 12, 3, 14, 16], "lb": 0, "ub": 20}, "17": {"is_roller": false, "cx": 0.0, "cy": 0.0, "is_fixed": false, "pz": 0.0, "z": 3.2110808056029336, "y": 5.0, "x": 4.0, "sorted_neighbours": [3, 15], "lb": 0, "ub": 20}, "18": {"is_roller": false, "cx": 0.0, "cy": 0.0, "is_fixed": false, "pz": 0.6666666666666663, "z": 3.211080805602933, "y": 4.0, "x": 4.000000000000002, "sorted_neighbours": [12, 10, 11, 7, 14, 17], "lb": 0, "ub": 20}, "19": {"is_roller": false, "cx": 0.0, "cy": 0.0, "is_fixed": true, "pz": 0.0, "z": 0.0, "y": 6.0, "x": 3.0, "sorted_neighbours": [14], "lb": 0, "ub": 20}, "20": {"is_roller": false, "cx": 0.0, "cy": 0.0, "is_fixed": true, "pz": 0.0, "z": 0.0, "y": 2.0, "x": 1.7763568394002505e-15, "sorted_neighbours": [18], "lb": 0, "ub": 20}, "21": {"is_roller": false, "cx": 0.0, "cy": 0.0, "is_fixed": true, "pz": 0.0, "z": 0.0, "y": 6.0, "x": 4.0, "sorted_neighbours": [7], "lb": 0, "ub": 20}, "22": {"is_roller": false, "cx": 0.0, "cy": 0.0, "is_fixed": true, "pz": 0.0, "z": 0.0, "y": 5.0, "x": 6.0, "sorted_neighbours": [11], "lb": 0, "ub": 20}}, "edge": {"0": {"1": {"is_symmetry": true, "q": 0.0, "f": 0.0, "l": 0.0, "is_ind": false, "is_element": false, "is_reaction": false, "is_load": false}, "22": {"is_symmetry": true, "q": 0.0, "f": 0.0, "l": 0.0, "is_ind": false, "is_element": false, "is_reaction": false, "is_load": false}, "18": {"is_symmetry": false, "q": 1.0861237881615424, "f": 0.0, "l": 0.0, "is_ind": false, "is_element": false, "is_reaction": false, "is_load": false}}, "1": {}, "2": {"3": {"is_symmetry": true, "q": 0.0, "f": 0.0, "l": 0.0, "is_ind": false, "is_element": false, "is_reaction": false, "is_load": false}, "15": {"is_symmetry": true, "q": -0.0, "f": 0.0, "l": 0.0, "is_ind": false, "is_element": false, "is_reaction": false, "is_load": false}, "18": {"is_symmetry": false, "q": -0.0009307464989409264, "f": 0.0, "l": 0.0, "is_ind": false, "is_element": false, "is_reaction": false, "is_load": false}}, "3": {}, "4": {"5": {"is_symmetry": true, "q": 0.0, "f": 0.0, "l": 0.0, "is_ind": false, "is_element": false, "is_reaction": false, "is_load": false}}, "5": {}, "6": {"7": {"is_symmetry": false, "q": 1.2037436528607175, "f": 0.0, "l": 0.0, "is_ind": false, "is_element": false, "is_reaction": false, "is_load": false}, "10": {"is_symmetry": false, "q": -0.0009999999999985916, "f": 0.0, "l": 0.0, "is_ind": false, "is_element": false, "is_reaction": false, "is_load": false}, "13": {"is_symmetry": false, "q": 1.2027436528607198, "f": 0.0, "l": 0.0, "is_ind": false, "is_element": false, "is_reaction": false, "is_load": false}}, "7": {"20": {"is_symmetry": false, "q": 1.2027436528607212, "f": 0.0, "l": 0.0, "is_ind": false, "is_element": false, "is_reaction": false, "is_load": false}, "10": {"is_symmetry": false, "q": -0.0009999999999965432, "f": 0.0, "l": 0.0, "is_ind": false, "is_element": false, "is_reaction": false, "is_load": false}, "11": {"is_symmetry": false, "q": 0.0009999999999954939, "f": 0.0, "l": 0.0, "is_ind": false, "is_element": false, "is_reaction": false, "is_load": false}}, "8": {"9": {"is_symmetry": false, "q": 1.203034880938393, "f": 0.0, "l": 0.0, "is_ind": false, "is_element": false, "is_reaction": false, "is_load": false}, "10": {"is_symmetry": false, "q": -0.000999999999997894, "f": 0.0, "l": 0.0, "is_ind": false, "is_element": false, "is_reaction": false, "is_load": false}}, "9": {}, "10": {"11": {"is_symmetry": false, "q": 1.9029583743292464, "f": 0.0, "l": 0.0, "is_ind": false, "is_element": false, "is_reaction": false, "is_load": false}, "16": {"is_symmetry": false, "q": 1.9049583743292433, "f": 0.0, "l": 0.0, "is_ind": false, "is_element": false, "is_reaction": false, "is_load": false}, "12": {"is_symmetry": false, "q": -0.0009999999999982725, "f": 0.0, "l": 0.0, "is_ind": false, "is_element": false, "is_reaction": false, "is_load": false}}, "11": {"8": {"is_symmetry": false, "q": 0.001, "f": 0.0, "l": 0.0, "is_ind": true, "is_element": false, "is_reaction": false, "is_load": false}}, "12": {"2": {"is_symmetry": false, "q": 1.2030348809383924, "f": 0.0, "l": 0.0, "is_ind": false, "is_element": false, "is_reaction": false, "is_load": false}, "8": {"is_symmetry": false,