{"attributes": {"name": "Network", "color.vertex": null, "color.edge": null, "color.face": null, "color.vertex:is_fixed": [255, 0, 0]}, "dva": {"x": 0.0, "y": 0.0, "z": 0.0, "is_fixed": false, "cx": 0.0, "cy": 0.0}, "dea": {"q": 1.0, "f": 0.0, "l": 0.0, "is_ind": false, "is_element": false, "is_reaction": false, "is_load": false}, "dfa": {}, "vertex": {"35": {"is_fixed": false, "pz": 2.0, "sorted_neighbours": [12, 27, 15, 31, 34, 29], "y": 2.999999999999999, "x": 3.0000000000000027, "z": 2.7733322533557736}, "25": {"is_fixed": false, "pz": 1.9999999999999971, "sorted_neighbours": [39, 33, 24, 9, 7, 23], "y": 5.999999999999998, "x": 6.0, "z": 4.92329292177865}, "15": {"is_fixed": false, "pz": 1.9999999999999987, "sorted_neighbours": [33, 31, 35, 27, 9, 24], "y": 4.0, "x": 4.000000000000003, "z": 4.731597258134742}, "44": {"is_fixed": false, "pz": 2.223809523809523, "sorted_neighbours": [8, 4, 30, 20], "y": 3.0, "x": 9.0, "z": 2.101643322838469}, "34": {"is_fixed": false, "pz": 1.8571428571428577, "sorted_neighbours": [36, 29, 35, 31], "y": 4.0, "x": 2.0000000000000018, "z": 4.053447463758578}, "24": {"is_fixed": false, "pz": 1.3333333333333304, "sorted_neighbours": [15, 9, 25, 33], "y": 4.999999999999999, "x": 5.000000000000001, "z": 4.801233049680453}, "14": {"is_fixed": false, "pz": 2.223809523809523, "sorted_neighbours": [6, 10, 22, 26], "y": 6.999999999999998, "x": 9.0, "z": 2.235599793038479}, "43": {"is_fixed": true, "pz": 1.066666666666667, "sorted_neighbours": [2, 0, 41], "y": 8.999999999999998, "x": 1.0000000000000018, "z": 0.0}, "33": {"is_fixed": false, "pz": 1.9999999999999967, "sorted_neighbours": [39, 1, 31, 15, 24, 25], "y": 5.999999999999998, "x": 4.000000000000002, "z": 4.575988988140118}, "23": {"is_fixed": false, "pz": 1.9999999999999998, "sorted_neighbours": [21, 39, 25, 7, 26, 22], "y": 6.999999999999999, "x": 6.999999999999999, "z": 5.107533203178406}, "13": {"is_fixed": true, "pz": 0.9285714285714279, "sorted_neighbours": [2], "y": 7.999999999999998, "x": 1.7763568394002505e-15, "z": 0.0}, "42": {"is_fixed": true, "pz": 0.9285714285714287, "sorted_neighbours": [41], "y": 9.999999999999998, "x": 2.0000000000000018, "z": 0.0}, "32": {"is_fixed": true, "pz": 0.9285714285714286, "sorted_neighbours": [19], "y": 9.999999999999998, "x": 8.0, "z": 0.0}, "22": {"is_fixed": false, "pz": 1.9999999999999996, "sorted_neighbours": [14, 10, 19, 21, 23, 26], "y": 7.999999999999998, "x": 8.0, "z": 3.621707794323913}, "12": {"is_fixed": false, "pz": 1.8571428571428559, "sorted_neighbours": [35, 29, 16, 27], "y": 2.0, "x": 4.000000000000002, "z": 3.9564956940344205}, "41": {"is_fixed": false, "pz": 2.2238095238095252, "sorted_neighbours": [42, 43, 0, 28], "y": 8.999999999999998, "x": 3.0000000000000018, "z": 2.3914702006736777}, "31": {"is_fixed": false, "pz": 2.5238095238095224, "sorted_neighbours": [33, 1, 3, 34, 35, 15], "y": 4.999999999999999, "x": 3.0000000000000027, "z": 4.394737566938677}, "21": {"is_fixed": false, "pz": 1.857142857142856, "sorted_neighbours": [39, 23, 22, 19], "y": 7.999999999999998, "x": 6.0, "z": 4.488553014549719}, "11": {"is_fixed": false, "pz": 1.9999999999999987, "sorted_neighbours": [5, 4, 8, 7, 9, 27], "y": 3.000000000000001, "x": 7.000000000000001, "z": 3.6580811123137362}, "29": {"is_fixed": false, "pz": 2.0000000000000004, "sorted_neighbours": [16, 12, 35, 34, 36, 17], "y": 2.0, "x": 2.0000000000000018, "z": 4.077314075825181}, "19": {"is_fixed": false, "pz": 2.223809523809525, "sorted_neighbours": [21, 22, 10, 32], "y": 8.999999999999998, "x": 7.0, "z": 2.9857901983475785}, "39": {"is_fixed": false, "pz": 2.5238095238095233, "sorted_neighbours": [21, 28, 1, 33, 25, 23], "y": 6.999999999999997, "x": 5.000000000000001, "z": 4.752824286873899}, "40": {"is_fixed": true, "pz": 0.9285714285714282, "sorted_neighbours": [37], "y": 0.0, "x": 8.0, "z": 0.0}, "7": {"is_fixed": false, "pz": 2.523809523809522, "sorted_neighbours": [9, 11, 8, 26, 23, 25], "y": 4.999999999999999, "x": 6.999999999999999, "z": 4.374259641675916}, "6": {"is_fixed": true, "pz": 0.9285714285714282, "sorted_neighbours": [14], "y": 7.999999999999998, "x": 10.0, "z": 0.0}, "5": {"is_fixed": false, "pz": 1.8571428571428559, "sorted_neighbours": [37, 4, 11, 27], "y": 2.0, "x": 6.0, "z": 3.544766085325277}, "4": {"is_fixed": false, "pz": 2.0, "sorted_neighbours": [5, 37, 30, 44, 8, 11], "y": 2.0, "x": 8.0, "z": 2.167941851128866}, "3": {"is_fixed": false, "pz": 1.8571428571428552, "sorted_neighbours": [31, 1, 0, 2], "y": 5.999999999999998, "x": 2.0000000000000018, "z": 3.4940593453707454}, "2": {"is_fixed": false, "pz": 2.2238095238095226, "sorted_neighbours": [3, 0, 43, 13], "y": 6.999999999999998, "x": 1.0000000000000018, "z": 2.063998352860428}, "1": {"is_fixed": false, "pz": 1.9999999999999993, "sorted_neighbours": [0, 3, 31, 33, 39, 28], "y": 6.999999999999997, "x": 3.000000000000001, "z": 3.659743530161479}, "0": {"is_fixed": false, "pz": 2.0, "sorted_neighbours": [2, 3, 1, 28, 41, 43], "y": 7.999999999999998, "x": 2.0000000000000018, "z": 2.134441478928226}, "20": {"is_fixed": true, "pz": 0.9285714285714283, "sorted_neighbours": [44], "y": 2.0, "x": 10.0, "z": 0.0}, "10": {"is_fixed": true, "pz": 1.0666666666666675, "sorted_neighbours": [19, 22, 14], "y": 8.999999999999998, "x": 9.0, "z": 0.0}, "18": {"is_fixed": true, "pz": 0.9285714285714284, "sorted_neighbours": [16], "y": 0.0, "x": 2.0000000000000018, "z": 0.0}, "28": {"is_fixed": false, "pz": 1.8571428571428574, "sorted_neighbours": [41, 0, 1, 39], "y": 7.999999999999998, "x": 4.000000000000002, "z": 3.9287731517450424}, "30": {"is_fixed": true, "pz": 1.0666666666666669, "sorted_neighbours": [44, 4, 37], "y": 1.0, "x": 9.0, "z": 0.0}, "38": {"is_fixed": true, "pz": 0.9285714285714285, "sorted_neighbours": [36], "y": 2.0, "x": 1.7763568394002505e-15, "z": 0.0}, "9": {"is_fixed": false, "pz": 1.999999999999997, "sorted_neighbours": [11, 7, 25, 24, 15, 27], "y": 4.0, "x": 6.0, "z": 4.473537894139244}, "8": {"is_fixed": false, "pz": 1.8571428571428559, "sorted_neighbours": [7, 11, 4, 44], "y": 4.0, "x": 8.0, "z": 3.5222996935533906}, "17": {"is_fixed": true, "pz": 1.0666666666666664, "sorted_neighbours": [16, 29, 36], "y": 1.0, "x": 1.0000000000000018, "z": 0.0}, "27": {"is_fixed": false, "pz": 2.523809523809522, "sorted_neighbours": [35, 12, 5, 11, 9, 15], "y": 2.999999999999999, "x": 5.000000000000003, "z": 4.382813628852557}, "37": {"is_fixed": false, "pz": 2.2238095238095235, "sorted_neighbours": [40, 30, 4, 5], "y": 1.0, "x": 7.0, "z": 2.122293665843813}, "36": {"is_fixed": false, "pz": 2.2238095238095235, "sorted_neighbours": [38, 17, 29, 34], "y": 3.0, "x": 1.0000000000000018, "z": 2.5367604714022227}, "26": {"is_fixed": false, "pz": 1.8571428571428563, "sorted_neighbours": [14, 22, 23, 7], "y": 5.999999999999998, "x": 8.0, "z": 3.648466549422149}, "16": {"is_fixed": false, "pz": 2.2238095238095235, "sorted_neighbours": [12, 29, 17, 18], "y": 1.0, "x": 3.0000000000000018, "z": 2.443280051784929}}, "edge": {"35": {"27": {"is_ind": false, "q": 4.567532537178554e-06}, "12": {"is_ind": false, "q": -0.42863168178386246}, "34": {"is_ind": false, "q": -0.4286507778402977}}, "25": {"33": {"is_ind": false, "q": 0.5029183818445324}, "23": {"is_ind": false, "q": -0.2762659090501789}}, "15": {"35": {"is_ind": false, "q": -0.2894381898213194}, "9": {"is_ind": false, "q": 0.5031690468325842}}, "44": {"20": {"is_ind": false, "q": 3.265567379212561}, "4": {"is_ind": false, "q": -1.0000000053835173e-06}}, "34": {"29": {"is_ind": false, "q": 0.42865077784030303}, "36": {"is_ind": false, "q": 2.18002103921434}, "31": {"is_ind": false, "q": 2.60867181705464}}, "24": {"33": {"is_ind": false, "q": 2.3361964578121492}, "25": {"is_ind": false, "q": -0.7927405223710599}, "15": {"is_ind": false, "q": -0.7927405223710694}, "9": {"is_ind": false, "q": 2.3361964578121555}}, "14": {"6": {"is_ind": false, "q": 2.7029847424928253}, "10": {"is_ind": false, "q": -1.1463664783994965e-05}, "22": {"is_ind": false,