{"attributes": {"name": "Network", "color.edge": null, "color.vertex": null, "color.face": null}, "dva": {"y": 0.0, "x": 0.0, "is_fixed": false, "z": 0.0}, "dea": {}, "vertex": {"35": {"is_fixed": false, "pz": 1.0, "sorted_neighbours": [12, 27, 15, 31, 34, 29], "y": 3.0, "x": 3.0000000000000018, "z": 0.0}, "25": {"is_fixed": false, "pz": 1.0, "sorted_neighbours": [33, 24, 8, 7, 23, 38], "y": 5.999999999999998, "x": 5.999999999999999, "z": 0.0}, "15": {"is_fixed": false, "pz": 1.0, "sorted_neighbours": [33, 31, 35, 27, 8, 24], "y": 4.0, "x": 4.000000000000002, "z": 0.0}, "44": {"is_fixed": false, "pz": 1.0, "sorted_neighbours": [10, 4, 30, 20], "y": 3.0, "x": 9.0, "z": 0.0}, "34": {"is_fixed": false, "pz": 1.0, "sorted_neighbours": [36, 29, 35, 31], "y": 4.0, "x": 2.0000000000000018, "z": 0.0}, "24": {"is_fixed": false, "pz": 1.0, "sorted_neighbours": [15, 8, 25, 33], "y": 4.999999999999999, "x": 5.000000000000001, "z": 0.0}, "14": {"is_fixed": false, "pz": 1.0, "sorted_neighbours": [6, 9, 21, 26], "y": 6.999999999999998, "x": 9.0, "z": 0.0}, "43": {"is_fixed": true, "pz": 1.0, "sorted_neighbours": [2, 0, 41], "y": 8.999999999999998, "x": 1.0000000000000018, "z": 0.0}, "33": {"is_fixed": false, "pz": 1.0, "sorted_neighbours": [38, 1, 31, 15, 24, 25], "y": 5.999999999999997, "x": 4.000000000000002, "z": 0.0}, "23": {"is_fixed": false, "pz": 1.0, "sorted_neighbours": [38, 25, 7, 26, 21, 22], "y": 6.999999999999999, "x": 6.999999999999999, "z": 0.0}, "13": {"is_fixed": true, "pz": 1.0, "sorted_neighbours": [2], "y": 7.999999999999998, "x": 1.7763568394002505e-15, "z": 0.0}, "42": {"is_fixed": true, "pz": 1.0, "sorted_neighbours": [41], "y": 9.999999999999998, "x": 2.0000000000000018, "z": 0.0}, "32": {"is_fixed": true, "pz": 1.0, "sorted_neighbours": [18], "y": 9.999999999999998, "x": 8.0, "z": 0.0}, "22": {"is_fixed": false, "pz": 1.0, "sorted_neighbours": [38, 23, 21, 18], "y": 7.999999999999998, "x": 6.0, "z": 0.0}, "12": {"is_fixed": false, "pz": 1.0, "sorted_neighbours": [27, 35, 29, 16], "y": 2.0, "x": 4.000000000000002, "z": 0.0}, "41": {"is_fixed": false, "pz": 1.0, "sorted_neighbours": [42, 43, 0, 28], "y": 8.999999999999998, "x": 3.0000000000000018, "z": 0.0}, "31": {"is_fixed": false, "pz": 1.0, "sorted_neighbours": [33, 1, 3, 34, 35, 15], "y": 5.0, "x": 3.0000000000000018, "z": 0.0}, "21": {"is_fixed": false, "pz": 1.0, "sorted_neighbours": [14, 9, 18, 22, 23, 26], "y": 7.999999999999998, "x": 8.0, "z": 0.0}, "11": {"is_fixed": false, "pz": 1.0, "sorted_neighbours": [5, 4, 10, 7, 8, 27], "y": 3.000000000000001, "x": 7.000000000000001, "z": 0.0}, "29": {"is_fixed": false, "pz": 1.0, "sorted_neighbours": [16, 12, 35, 34, 36, 17], "y": 2.0, "x": 2.0000000000000018, "z": 0.0}, "19": {"is_fixed": true, "pz": 1.0, "sorted_neighbours": [16], "y": 0.0, "x": 2.0000000000000018, "z": 0.0}, "39": {"is_fixed": true, "pz": 1.0, "sorted_neighbours": [36], "y": 2.0, "x": 1.7763568394002505e-15, "z": 0.0}, "40": {"is_fixed": true, "pz": 1.0, "sorted_neighbours": [37], "y": 0.0, "x": 8.0, "z": 0.0}, "7": {"is_fixed": false, "pz": 1.0, "sorted_neighbours": [8, 11, 10, 26, 23, 25], "y": 5.0, "x": 7.0, "z": 0.0}, "6": {"is_fixed": true, "pz": 1.0, "sorted_neighbours": [14], "y": 7.999999999999998, "x": 10.0, "z": 0.0}, "5": {"is_fixed": false, "pz": 1.0, "sorted_neighbours": [37, 4, 11, 27], "y": 2.0, "x": 6.0, "z": 0.0}, "4": {"is_fixed": false, "pz": 1.0, "sorted_neighbours": [5, 37, 30, 44, 10, 11], "y": 2.0, "x": 8.0, "z": 0.0}, "3": {"is_fixed": false, "pz": 1.0, "sorted_neighbours": [31, 1, 0, 2], "y": 5.999999999999998, "x": 2.0000000000000018, "z": 0.0}, "2": {"is_fixed": false, "pz": 1.0, "sorted_neighbours": [3, 0, 43, 13], "y": 6.999999999999998, "x": 1.0000000000000018, "z": 0.0}, "1": {"is_fixed": false, "pz": 1.0, "sorted_neighbours": [0, 3, 31, 33, 38, 28], "y": 6.999999999999997, "x": 3.000000000000001, "z": 0.0}, "0": {"is_fixed": false, "pz": 1.0, "sorted_neighbours": [2, 3, 1, 28, 41, 43], "y": 7.999999999999998, "x": 2.0000000000000018, "z": 0.0}, "20": {"is_fixed": true, "pz": 1.0, "sorted_neighbours": [44], "y": 2.0, "x": 10.0, "z": 0.0}, "10": {"is_fixed": false, "pz": 1.0, "sorted_neighbours": [44, 7, 11, 4], "y": 4.0, "x": 8.0, "z": 0.0}, "18": {"is_fixed": false, "pz": 1.0, "sorted_neighbours": [22, 21, 9, 32], "y": 8.999999999999998, "x": 7.0, "z": 0.0}, "28": {"is_fixed": false, "pz": 1.0, "sorted_neighbours": [41, 0, 1, 38], "y": 7.999999999999998, "x": 4.000000000000002, "z": 0.0}, "30": {"is_fixed": true, "pz": 1.0, "sorted_neighbours": [44, 4, 37], "y": 1.0, "x": 9.0, "z": 0.0}, "38": {"is_fixed": false, "pz": 1.0, "sorted_neighbours": [1, 33, 25, 23, 22, 28], "y": 6.999999999999998, "x": 5.0, "z": 0.0}, "9": {"is_fixed": true, "pz": 1.0, "sorted_neighbours": [18, 21, 14], "y": 8.999999999999998, "x": 9.0, "z": 0.0}, "8": {"is_fixed": false, "pz": 1.0, "sorted_neighbours": [11, 7, 25, 24, 15, 27], "y": 4.000000000000001, "x": 6.0, "z": 0.0}, "17": {"is_fixed": true, "pz": 1.0, "sorted_neighbours": [16, 29, 36], "y": 1.0, "x": 1.0000000000000018, "z": 0.0}, "27": {"is_fixed": false, "pz": 1.0, "sorted_neighbours": [35, 12, 5, 11, 8, 15], "y": 3.0, "x": 5.000000000000002, "z": 0.0}, "37": {"is_fixed": false, "pz": 1.0, "sorted_neighbours": [40, 30, 4, 5], "y": 1.0, "x": 7.0, "z": 0.0}, "36": {"is_fixed": false, "pz": 1.0, "sorted_neighbours": [39, 17, 29, 34], "y": 3.0, "x": 1.0000000000000018, "z": 0.0}, "26": {"is_fixed": false, "pz": 1.0, "sorted_neighbours": [14, 21, 23, 7], "y": 5.999999999999998, "x": 8.0, "z": 0.0}, "16": {"is_fixed": false, "pz": 1.0, "sorted_neighbours": [12, 29, 17, 19], "y": 1.0, "x": 3.0000000000000018, "z": 0.0}}, "edge": {"35": {"27": {}, "12": {}, "34": {}}, "25": {"33": {}, "23": {}}, "15": {"8": {}, "35": {}}, "44": {"20": {}, "4": {}}, "34": {"29": {}, "36": {}, "31": {}}, "24": {"8": {}, "33": {}, "25": {}, "15": {}}, "14": {"6": {}, "21": {}, "9": {}}, "43": {"2": {}}, "33": {"15": {}, "1": {}}, "23": {"38": {}, "26": {}, "22": {}}, "13": {}, "42": {}, "32": {}, "22": {"38": {}, "18": {}}, "12": {"27": {}, "16": {}}, "41": {"43": {}, "42": {}, "0": {}}, "31": {"33": {}, "35": {}, "15": {}}, "21": {"23": {}, "22": {}, "9": {}}, "11": {"10": {}, "5": {}, "7": {}}, "29": {"17": {}, "35": {}, "12": {}}, "19": {}, "39": {}, "40": {}, "7": {"8": {}, "23": {}, "25": {}}, "6": {}, "5": {"27": {}, "4": {}, "37": {}}, "4": {"11": {}, "10": {}, "30": {}}, "3": {"2": {}, "31": {}}, "2": {"13": {}, "0": {}}, "1": {"28": {}, "3": {}, "31": {}}, "0": {"3": {}, "1": {}, "43": {}}, "20": {}, "10": {"44": {}, "7": {}}, "18": {"32": {}, "21": {}}, "28": {"38": {}, "41": {}, "0": {}}, "30": {"44": {}}, "38": {"33": {}, "25": {}, "1": {}}, "9": {"18": {}}, "8": {"25": {}, "11": {}}, "17": {"16": {}}, "27": {"8": {}, "15": {}, "11": {}}, "37": {"4": {}, "40": {}, "30": {}}, "36": {"29": {}, "17": {}, "39": {}}, "26": {"14": {}, "21": {}, "7": {}}, "16": {"29": {}, "19": {}}}, "halfedge": {"35": {"31": "None", "29": "None", "34": "None", "12": "None", "27": "None", "15": "None"}, "25": {"23": "None", "7": "None", "8": "None", "24": "None", "38": "None", "33": "None"}, "15": {"31": "None", "8": "None", "24": "None", "27": "None", "35": "None", "33": "None"}, "44": {"20": "None", "10": "None", "4": "None", "30": "None"}, "34": {"29": "None", "36": "None", "35": "None", "31": "None"}, "24": {"8": "None", "33": "None", "25": "None", "15": "None"}, "14": {"6": "None", "26": "None", "21": "None", "9": "None"}, "43": {"41": "None", "2": "None", "0": "None"}, "33": {"31": "None", "1": "None", "24": "None", "38": "None", "25": "None", "15": "None"}, "23": {"21": "None", "26": "None", "22": "None", "38": "None", "25": "None", "7": "None"}, "13": {"2": "None"}, "42": {"41": "None"}, "32": {"18": "None"}, "22": {"23": "None", "38": "None", "18": "None", "21": "None"}, "12": {"29": "None", "27": "None", "35": "None", "16": "None"}, "41": {"0": "None", "42": "None", "28": "None", "43": "None"}, "31": {"15": "None", "3": "None",