{"dea": {}, "dva": {"z": 0.0, "is_fixed": false, "y": 0.0, "x": 0.0}, "vertex": {"56": {"sorted_neighbours": [66, 10, 49, 53, 8, 42, 33, 67, 40, 23, 7], "is_fixed": true, "y": 0.0, "x": 10.0, "z": 0.0, "pz": 8.333333333333332}, "46": {"sorted_neighbours": [25, 37, 24, 60], "is_fixed": false, "y": 9.0, "x": 2.5, "z": 0.0, "pz": 1.197916666666667}, "66": {"sorted_neighbours": [52, 10, 56], "is_fixed": false, "y": 2.5, "x": 10.0, "z": 0.0, "pz": 6.848958333333332}, "16": {"sorted_neighbours": [35, 50, 23, 32], "is_fixed": false, "y": 1.0, "x": 5.0, "z": 0.0, "pz": 2.1875}, "36": {"sorted_neighbours": [60, 44, 65, 25], "is_fixed": false, "y": 8.0, "x": 2.5, "z": 0.0, "pz": 1.197916666666667}, "26": {"sorted_neighbours": [47, 4, 68], "is_fixed": false, "y": 10.0, "x": 5.0, "z": 0.0, "pz": 7.34375}, "55": {"sorted_neighbours": [4, 31, 0, 68], "is_fixed": false, "y": 9.5, "x": 7.5, "z": 0.0, "pz": 1.1979166666666672}, "45": {"sorted_neighbours": [28, 22, 14, 51], "is_fixed": false, "y": 5.0, "x": 4.0, "z": 0.0, "pz": 2.1875}, "48": {"sorted_neighbours": [50, 35, 27], "is_fixed": false, "y": 0.0, "x": 2.5, "z": 0.0, "pz": 6.848958333333333}, "58": {"sorted_neighbours": [49, 63, 15, 12], "is_fixed": false, "y": 5.0, "x": 8.0, "z": 0.0, "pz": 2.1875}, "15": {"sorted_neighbours": [58, 41, 0, 38], "is_fixed": false, "y": 7.5, "x": 9.0, "z": 0.0, "pz": 1.1979166666666672}, "18": {"sorted_neighbours": [22, 17, 64, 57], "is_fixed": false, "y": 5.0, "x": 2.0, "z": 0.0, "pz": 2.1875}, "35": {"sorted_neighbours": [16, 62, 27, 48], "is_fixed": false, "y": 0.5, "x": 2.5, "z": 0.0, "pz": 1.1979166666666667}, "25": {"sorted_neighbours": [36, 30, 46, 60], "is_fixed": false, "y": 8.5, "x": 2.5, "z": 0.0, "pz": 1.1979166666666659}, "28": {"sorted_neighbours": [44, 60, 43, 45], "is_fixed": false, "y": 7.5, "x": 2.0, "z": 0.0, "pz": 1.1979166666666667}, "38": {"sorted_neighbours": [12, 15, 0, 20], "is_fixed": false, "y": 7.5, "x": 8.5, "z": 0.0, "pz": 1.197916666666666}, "40": {"sorted_neighbours": [32, 23, 56, 67], "is_fixed": false, "y": 1.0, "x": 7.5, "z": 0.0, "pz": 1.1979166666666667}, "50": {"sorted_neighbours": [7, 16, 48], "is_fixed": false, "y": 0.0, "x": 5.0, "z": 0.0, "pz": 7.34375}, "60": {"sorted_neighbours": [21, 39, 17, 43, 28, 44, 36, 25, 46, 24, 47], "is_fixed": true, "y": 10.0, "x": 0.0, "z": 0.0, "pz": 8.333333333333334}, "10": {"sorted_neighbours": [63, 49, 56, 66], "is_fixed": false, "y": 2.5, "x": 9.5, "z": 0.0, "pz": 1.1979166666666672}, "65": {"sorted_neighbours": [30, 36, 51, 3], "is_fixed": false, "y": 6.0, "x": 5.0, "z": 0.0, "pz": 2.1875}, "30": {"sorted_neighbours": [9, 37, 25, 65], "is_fixed": false, "y": 7.0, "x": 5.0, "z": 0.0, "pz": 2.1875}, "20": {"sorted_neighbours": [38, 0, 19, 6], "is_fixed": false, "y": 7.5, "x": 8.0, "z": 0.0, "pz": 1.1979166666666672}, "68": {"sorted_neighbours": [26, 55, 0], "is_fixed": false, "y": 10.0, "x": 7.5, "z": 0.0, "pz": 6.848958333333333}, "57": {"sorted_neighbours": [18, 54, 27, 13], "is_fixed": false, "y": 2.5, "x": 1.0, "z": 0.0, "pz": 1.1979166666666667}, "47": {"sorted_neighbours": [60, 24, 26], "is_fixed": false, "y": 10.0, "x": 2.5, "z": 0.0, "pz": 6.848958333333333}, "67": {"sorted_neighbours": [2, 40, 56, 33], "is_fixed": false, "y": 1.5, "x": 7.5, "z": 0.0, "pz": 1.197916666666667}, "17": {"sorted_neighbours": [39, 18, 43, 60], "is_fixed": false, "y": 7.5, "x": 1.0, "z": 0.0, "pz": 1.197916666666667}, "37": {"sorted_neighbours": [30, 31, 4, 46], "is_fixed": false, "y": 8.0, "x": 5.0, "z": 0.0, "pz": 2.1875}, "27": {"sorted_neighbours": [48, 35, 62, 34, 1, 61, 14, 13, 57, 54, 11], "is_fixed": true, "y": 0.0, "x": 0.0, "z": 0.0, "pz": 8.333333333333334}, "52": {"sorted_neighbours": [29, 63, 66], "is_fixed": false, "y": 5.0, "x": 10.0, "z": 0.0, "pz": 7.34375}, "42": {"sorted_neighbours": [56, 8, 51, 33], "is_fixed": false, "y": 2.5, "x": 7.5, "z": 0.0, "pz": 1.1979166666666665}, "62": {"sorted_neighbours": [27, 35, 32, 34], "is_fixed": false, "y": 1.0, "x": 2.5, "z": 0.0, "pz": 1.1979166666666667}, "12": {"sorted_neighbours": [53, 58, 38, 6], "is_fixed": false, "y": 5.0, "x": 7.0, "z": 0.0, "pz": 2.1875}, "32": {"sorted_neighbours": [16, 40, 2, 62], "is_fixed": false, "y": 2.0, "x": 5.0, "z": 0.0, "pz": 2.1875}, "22": {"sorted_neighbours": [45, 43, 18, 13], "is_fixed": false, "y": 5.0, "x": 3.0, "z": 0.0, "pz": 2.1875}, "59": {"sorted_neighbours": [11, 64, 21], "is_fixed": false, "y": 5.0, "x": 0.0, "z": 0.0, "pz": 7.34375}, "49": {"sorted_neighbours": [58, 53, 56, 10], "is_fixed": false, "y": 2.5, "x": 9.0, "z": 0.0, "pz": 1.197916666666667}, "19": {"sorted_neighbours": [51, 20, 0, 3], "is_fixed": false, "y": 7.5, "x": 7.5, "z": 0.0, "pz": 1.197916666666666}, "39": {"sorted_neighbours": [21, 64, 17, 60], "is_fixed": false, "y": 7.5, "x": 0.5, "z": 0.0, "pz": 1.1979166666666667}, "29": {"sorted_neighbours": [52, 0, 41], "is_fixed": false, "y": 7.5, "x": 10.0, "z": 0.0, "pz": 6.848958333333333}, "51": {"sorted_neighbours": [61, 5, 42, 6, 19, 65, 44, 45], "is_fixed": false, "y": 5.0, "x": 5.0, "z": 0.0, "pz": 4.375}, "41": {"sorted_neighbours": [0, 15, 63, 29], "is_fixed": false, "y": 7.5, "x": 9.5, "z": 0.0, "pz": 1.1979166666666672}, "61": {"sorted_neighbours": [14, 27, 1, 51], "is_fixed": false, "y": 2.5, "x": 2.5, "z": 0.0, "pz": 1.1979166666666667}, "11": {"sorted_neighbours": [27, 54, 59], "is_fixed": false, "y": 2.5, "x": 0.0, "z": 0.0, "pz": 6.848958333333333}, "5": {"sorted_neighbours": [51, 1, 2, 33], "is_fixed": false, "y": 4.0, "x": 5.0, "z": 0.0, "pz": 2.1875}, "4": {"sorted_neighbours": [26, 24, 37, 55], "is_fixed": false, "y": 9.0, "x": 5.0, "z": 0.0, "pz": 2.1875}, "7": {"sorted_neighbours": [50, 56, 23], "is_fixed": false, "y": 0.0, "x": 7.5, "z": 0.0, "pz": 6.848958333333333}, "6": {"sorted_neighbours": [51, 8, 12, 20], "is_fixed": false, "y": 5.0, "x": 6.0, "z": 0.0, "pz": 2.1875}, "1": {"sorted_neighbours": [34, 5, 61, 27], "is_fixed": false, "y": 2.0, "x": 2.5, "z": 0.0, "pz": 1.1979166666666665}, "0": {"sorted_neighbours": [68, 55, 31, 9, 3, 19, 20, 38, 15, 41, 29], "is_fixed": true, "y": 10.0, "x": 10.0, "z": 0.0, "pz": 8.333333333333334}, "3": {"sorted_neighbours": [0, 9, 65, 19], "is_fixed": false, "y": 8.0, "x": 7.5, "z": 0.0, "pz": 1.1979166666666672}, "2": {"sorted_neighbours": [32, 67, 5, 34], "is_fixed": false, "y": 3.0, "x": 5.0, "z": 0.0, "pz": 2.1875}, "21": {"sorted_neighbours": [60, 59, 39], "is_fixed": false, "y": 7.5, "x": 0.0, "z": 0.0, "pz": 6.848958333333334}, "31": {"sorted_neighbours": [37, 9, 0, 55], "is_fixed": false, "y": 9.0, "x": 7.5, "z": 0.0, "pz": 1.1979166666666672}, "9": {"sorted_neighbours": [30, 3, 0, 31], "is_fixed": false, "y": 8.5, "x": 7.5, "z": 0.0, "pz": 1.197916666666666}, "8": {"sorted_neighbours": [42, 56, 53, 6], "is_fixed": false, "y": 2.5, "x": 8.0, "z": 0.0, "pz": 1.197916666666667}, "54": {"sorted_neighbours": [57, 64, 11, 27], "is_fixed": false, "y": 2.5, "x": 0.5, "z": 0.0, "pz": 1.1979166666666667}, "44": {"sorted_neighbours": [36, 60, 28, 51], "is_fixed": false, "y": 7.5, "x": 2.5, "z": 0.0, "pz": 1.1979166666666663}, "64": {"sorted_neighbours": [18, 39, 59, 54], "is_fixed": false, "y": 5.0, "x": 1.0, "z": 0.0, "pz": 2.1875}, "14": {"sorted_neighbours": [61, 45, 13, 27], "is_fixed": false, "y": 2.5, "x": 2.0, "z": 0.0, "pz": 1.1979166666666665}, "34": {"sorted_neighbours": [1, 27, 62, 2], "is_fixed": false, "y": 1.5, "x": 2.5, "z": 0.0, "pz": 1.1979166666666667}, "24": {"sorted_neighbours": [4, 47, 60, 46], "is_fixed": false, "y": 9.5, "x": 2.5, "z": 0.0, "pz": 1.1979166666666672}, "53": {"sorted_neighbours": [8, 56, 49, 12], "is_fixed": false, "y": 2.5, "x": 8.5, "z": 0.0, "pz": 1.1979166666666659}, "43": {"sorted_neighbours": [17, 22, 28, 60], "is_fixed": false, "y": 7.5, "x": 1.5, "z": 0.0, "pz": 1.197916666666667}, "63": {"sorted_neighbours": [52, 41, 58, 10], "is_fixed": false, "y": 5.0, "x": 9.0, "z": 0.0, "pz": 2.1875}, "13": {"sorted_neighbours": [57, 27, 14, 22], "is_fixed": false, "y": 2.5, "x": 1.5, "z": 0.0,