{"attributes": {"name": "FormDiagram", "color.vertex": [255, 255, 255], "color.edge": [0, 0, 0], "color.face": [0, 255, 255], "color.vertex:is_fixed": [255, 0, 0], "indset": "0.000,4.500,0.000-1.500,5.000,0.000-2.000,4.500,0.000-3.500,5.000,0.000-4.000,4.500,0.000-5.500,5.000,0.000", "loadpath": 115.05309703425354}, "dva": {"x": 0.0, "y": 0.0, "z": 0.0, "is_fixed": false, "cx": 0.0, "cy": 0.0}, "dea": {"q": 1.0, "f": 0.0, "l": 0.0, "is_ind": false, "is_element": false, "is_reaction": false, "is_load": false, "is_symmetry": false}, "dfa": {}, "vertex": {"0": {"is_roller": false, "cx": 0.0, "cy": 0.0, "is_fixed": false, "pz": 1.1111111111111112, "z": 5.2738435809571635, "y": 6.666666666666667, "x": 2.6666666666666665, "sorted_neighbours": [8, 7, 22, 20], "lb": 0, "ub": 20}, "1": {"is_roller": false, "cx": 0.0, "cy": 0.0, "is_fixed": false, "pz": 1.1111111111111114, "z": 4.916248972278459, "y": 6.666666666666667, "x": 2.0, "sorted_neighbours": [23, 3, 15, 25], "lb": 0, "ub": 20}, "2": {"is_roller": false, "cx": 0.0, "cy": 0.0, "is_fixed": false, "pz": 0.26620370370370333, "z": 3.2125432840732415, "y": 8.333333333333334, "x": 1.6666666666666665, "sorted_neighbours": [22, 17, 24, 20], "lb": 0, "ub": 20}, "3": {"is_roller": false, "cx": 0.0, "cy": 0.0, "is_fixed": false, "pz": 0.5324074074074073, "z": 2.9702503075319164, "y": 8.333333333333334, "x": 1.3333333333333333, "sorted_neighbours": [23, 25, 9, 24], "lb": 0, "ub": 20}, "4": {"is_roller": false, "cx": 0.0, "cy": 0.0, "is_fixed": false, "pz": 0.5324074074074076, "z": 2.7418757925045374, "y": 8.333333333333334, "x": 1.0, "sorted_neighbours": [24, 26, 8, 20], "lb": 0, "ub": 20}, "5": {"is_roller": false, "cx": 0.0, "cy": 0.0, "is_fixed": false, "pz": 0.765, "z": 5.906268873310216, "y": 5.0, "x": 3.0, "sorted_neighbours": [7, 8, 21, 12], "lb": 0, "ub": 20}, "6": {"is_roller": false, "cx": 0.0, "cy": 0.0, "is_fixed": false, "pz": 0.2662037037037037, "z": 2.210121895549866, "y": 8.333333333333334, "x": 0.0, "sorted_neighbours": [24, 2, 18], "lb": 0, "ub": 20}, "7": {"is_roller": false, "cx": 0.0, "cy": 0.0, "is_fixed": false, "pz": 0.5555555555555555, "z": 3.9306759931410373, "y": 6.666666666666667, "x": 0.0, "sorted_neighbours": [1, 5, 14], "lb": 0, "ub": 20}, "8": {"is_roller": false, "cx": 0.0, "cy": 0.0, "is_fixed": false, "pz": 0.5324074074074073, "z": 2.54111242663251, "y": 8.333333333333334, "x": 0.6666666666666666, "sorted_neighbours": [23, 24, 18, 3], "lb": 0, "ub": 20}, "9": {"is_roller": false, "cx": 0.0, "cy": 0.0, "is_fixed": false, "pz": 1.111111111111111, "z": 4.5707023658003, "y": 6.666666666666667, "x": 1.3333333333333333, "sorted_neighbours": [5, 21, 8, 26], "lb": 0, "ub": 20}, "10": {"is_roller": false, "cx": 0.0, "cy": 0.0, "is_fixed": false, "pz": 0.5324074074074078, "z": 2.367954894025125, "y": 8.333333333333334, "x": 0.3333333333333333, "sorted_neighbours": [24, 14, 5, 26], "lb": 0, "ub": 20}, "11": {"is_roller": false, "cx": 0.0, "cy": 0.0, "is_fixed": false, "pz": 1.1111111111111112, "z": 4.2446452814725175, "y": 6.666666666666667, "x": 0.6666666666666666, "sorted_neighbours": [2, 16, 3, 18], "lb": 0, "ub": 20}, "12": {"is_roller": false, "cx": 0.0, "cy": 0.0, "is_fixed": true, "pz": 0.4629629629629626, "z": 0.0, "y": 10.0, "x": 0.0, "sorted_neighbours": [14, 18, 26, 23, 20, 9], "lb": 0, "ub": 20}, "13": {"is_roller": false, "cx": 0.0, "cy": 0.0, "is_fixed": false, "pz": 0.5555555555555552, "z": 5.62229994985854, "y": 6.666666666666667, "x": 3.333333333333333, "sorted_neighbours": [11, 0, 9, 25], "lb": 0, "ub": 20}, "14": {"is_roller": false, "cx": 0.0, "cy": 0.0, "is_fixed": true, "pz": 0.0, "z": 0.0, "y": 7.278974075172365, "x": 3.9401412711238306, "sorted_neighbours": [22], "lb": 0, "ub": 20}, "15": {"is_roller": false, "cx": 0.0, "cy": 0.0, "is_fixed": false, "pz": 0.765, "z": 5.096088003018548, "y": 5.0, "x": 1.0, "sorted_neighbours": [1, 13, 21, 5], "lb": 0, "ub": 20}, "16": {"is_roller": false, "cx": 0.0, "cy": 0.0, "is_fixed": true, "pz": 0.0, "z": 0.0, "y": 4.0, "x": 1.0, "sorted_neighbours": [16], "lb": 0, "ub": 20}, "17": {"is_roller": false, "cx": 0.0, "cy": 0.0, "is_fixed": false, "pz": 0.765, "z": 5.532767113737368, "y": 5.0, "x": 2.0, "sorted_neighbours": [16, 19, 15, 3], "lb": 0, "ub": 20}, "18": {"is_roller": false, "cx": 0.0, "cy": 0.0, "is_fixed": true, "pz": 0.0, "z": 0.0, "y": 4.0, "x": 2.0, "sorted_neighbours": [21], "lb": 0, "ub": 20}, "19": {"is_roller": false, "cx": 0.0, "cy": 0.0, "is_fixed": false, "pz": 0.765, "z": 6.356675847042897, "y": 5.0, "x": 5.0, "sorted_neighbours": [22, 7, 10, 4], "lb": 0, "ub": 20}, "20": {"is_roller": false, "cx": 0.0, "cy": 0.0, "is_fixed": false, "pz": 0.38, "z": 4.629523381948853, "y": 5.0, "x": 0.0, "sorted_neighbours": [27, 16, 2], "lb": 0, "ub": 20}, "21": {"is_roller": false, "cx": 0.0, "cy": 0.0, "is_fixed": true, "pz": 0.0, "z": 0.0, "y": 4.0, "x": 0.0, "sorted_neighbours": [1], "lb": 0, "ub": 20}, "22": {"is_roller": false, "cx": 0.0, "cy": 0.0, "is_fixed": false, "pz": 0.765, "z": 6.186152609290219, "y": 5.0, "x": 4.0, "sorted_neighbours": [11, 25, 15, 6], "lb": 0, "ub": 20}, "23": {"is_roller": false, "cx": 0.0, "cy": 0.0, "is_fixed": true, "pz": 0.0, "z": 0.0, "y": 4.0, "x": 5.0, "sorted_neighbours": [11], "lb": 0, "ub": 20}, "24": {"is_roller": false, "cx": 0.0, "cy": 0.0, "is_fixed": true, "pz": 0.0, "z": 0.0, "y": 4.0, "x": 4.0, "sorted_neighbours": [7], "lb": 0, "ub": 20}, "25": {"is_roller": false, "cx": 0.0, "cy": 0.0, "is_fixed": true, "pz": 0.0, "z": 0.0, "y": 4.0, "x": 3.0, "sorted_neighbours": [15], "lb": 0, "ub": 20}, "26": {"is_roller": false, "cx": 0.0, "cy": 0.0, "is_fixed": true, "pz": 0.0, "z": 0.0, "y": 8.945640741839032, "x": 2.273474604457164, "sorted_neighbours": [9], "lb": 0, "ub": 20}, "27": {"is_roller": false, "cx": 0.0, "cy": 0.0, "is_fixed": true, "pz": 0.0, "z": 0.0, "y": 5.0, "x": 6.0, "sorted_neighbours": [11], "lb": 0, "ub": 20}}, "edge": {"0": {"1": {"is_symmetry": false, "q": 2.6864234660477317e-15, "f": 0.0, "l": 0.0, "is_ind": false, "is_element": false, "is_reaction": false, "is_load": false}, "22": {"is_symmetry": false, "q": 0.7986226502819957, "f": 0.0, "l": 0.0, "is_ind": false, "is_element": false, "is_reaction": false, "is_load": false}}, "1": {"5": {"is_symmetry": false, "q": 0.9381585132192651, "f": 0.0, "l": 0.0, "is_ind": false, "is_element": false, "is_reaction": false, "is_load": false}, "9": {"is_symmetry": false, "q": 2.6321945295563405e-15, "f": 0.0, "l": 0.0, "is_ind": false, "is_element": false, "is_reaction": false, "is_load": false}}, "2": {"3": {"is_symmetry": false, "q": 8.251259283097882e-15, "f": 0.0, "l": 0.0, "is_ind": false, "is_element": false, "is_reaction": false, "is_load": false}, "26": {"is_symmetry": true, "q": 0.0, "f": 0.0, "l": 0.0, "is_ind": false, "is_element": false, "is_reaction": false, "is_load": false}, "13": {"is_symmetry": false, "q": 0.3315995778198425, "f": 0.0, "l": 0.0, "is_ind": false, "is_element": false, "is_reaction": false, "is_load": false}}, "3": {"4": {"is_symmetry": false, "q": 1.6898072622931234e-15, "f": 0.0, "l": 0.0, "is_ind": false, "is_element": false, "is_reaction": false, "is_load": false}, "0": {"is_symmetry": false, "q": 0.7986226502819955, "f": 0.0, "l": 0.0, "is_ind": false, "is_element": false, "is_reaction": false, "is_load": false}}, "4": {"1": {"is_symmetry": false, "q": 0.9381585132192657, "f": 0.0, "l": 0.0, "is_ind": false, "is_element": false, "is_reaction": false, "is_load": false}, "8": {"is_symmetry": false, "q": 1.5485029448012174e-15, "f": 0.0, "l": 0.0, "is_ind": false, "is_element": false, "is_reaction": false, "is_load": false}}, "5": {"17": {"is_symmetry": false, "q": 1.0551356183444067, "f": 0.0, "l": 0.0, "is_ind": false, "is_element": false, "is_reaction": false, "is_load": false}, "25": {"is_symmetry": true, "q": 0.0, "f": 0.0, "l": 0.0, "is_ind": false, "is_element": false, "is_reaction": false, "is_load": false}}, "6": {"7": {"is_symmetry": false, "q": 0.5437524788469961, "f": 0.0,