{"attributes": {"name": "Network", "color.vertex": null, "color.edge": null, "color.face": null, "color.vertex:is_fixed": [255, 0, 0], "loadpath": 231.33062553315986}, "dva": {"x": 0.0, "y": 0.0, "z": 0.0, "is_fixed": false, "cx": 0.0, "cy": 0.0}, "dea": {"q": 1.0, "f": 0.0, "l": 0.0, "is_ind": false, "is_element": false, "is_reaction": false, "is_load": false}, "dfa": {}, "vertex": {"16": {"sorted_neighbours": [30, 7, 3, 38], "is_fixed": false, "y": 9.333333333333334, "x": 1.6666666666666665, "z": 2.5592737184584973, "pz": 0.5324074074074069}, "36": {"sorted_neighbours": [17], "is_fixed": true, "y": 4.0, "x": 3.0, "z": 0.0, "pz": 0.0}, "26": {"sorted_neighbours": [34, 8, 7, 20], "is_fixed": false, "y": 8.0, "x": 5.0, "z": 5.463046448236602, "pz": 0.765}, "45": {"sorted_neighbours": [39], "is_fixed": true, "y": 4.0, "x": 0.0, "z": 0.0, "pz": 0.0}, "15": {"sorted_neighbours": [41, 23, 17, 13], "is_fixed": false, "y": 5.0, "x": 2.0, "z": 5.68233577015011, "pz": 0.765}, "18": {"sorted_neighbours": [2, 8, 29], "is_fixed": false, "y": 10.0, "x": 5.0, "z": 4.58293171597155, "pz": 0.38}, "35": {"sorted_neighbours": [38, 3, 2], "is_fixed": false, "y": 10.0, "x": 1.666666666666667, "z": 2.1987683384241112, "pz": 0.26620370370370455}, "25": {"sorted_neighbours": [43, 20, 7, 30], "is_fixed": false, "y": 8.0, "x": 3.333333333333333, "z": 4.23537906325474, "pz": 1.11111111111111}, "28": {"sorted_neighbours": [8], "is_fixed": true, "y": 9.0, "x": 6.0, "z": 0.0, "pz": 0.0}, "38": {"sorted_neighbours": [37, 0, 24, 44, 1, 5, 4, 30, 16, 3, 35], "is_fixed": true, "y": 10.0, "x": 0.0, "z": 0.0, "pz": 0.9259259259259254}, "40": {"sorted_neighbours": [31], "is_fixed": true, "y": 4.0, "x": 4.0, "z": 0.0, "pz": 0.0}, "10": {"sorted_neighbours": [33], "is_fixed": true, "y": 5.0, "x": 6.0, "z": 0.0, "pz": 0.0}, "30": {"sorted_neighbours": [16, 38, 4, 25], "is_fixed": false, "y": 9.0, "x": 1.6666666666666665, "z": 2.2745471224227303, "pz": 0.5324074074074082}, "20": {"sorted_neighbours": [42, 22, 26, 25], "is_fixed": false, "y": 7.0, "x": 5.0, "z": 5.28946996013763, "pz": 0.765}, "17": {"sorted_neighbours": [15, 36, 31, 32], "is_fixed": false, "y": 5.0, "x": 3.0, "z": 5.788925937964612, "pz": 0.765}, "37": {"sorted_neighbours": [11, 0, 38], "is_fixed": false, "y": 8.333333333333334, "x": 0.0, "z": 2.1671772564500644, "pz": 0.26620370370370366}, "27": {"sorted_neighbours": [42], "is_fixed": true, "y": 6.0, "x": 6.0, "z": 0.0, "pz": 0.0}, "42": {"sorted_neighbours": [27, 20, 43, 33], "is_fixed": false, "y": 6.0, "x": 5.0, "z": 5.628999543909625, "pz": 0.765}, "12": {"sorted_neighbours": [31, 19, 1, 32], "is_fixed": false, "y": 6.666666666666667, "x": 2.6666666666666665, "z": 4.643075000911071, "pz": 1.111111111111111}, "32": {"sorted_neighbours": [17, 12, 44, 13], "is_fixed": false, "y": 6.666666666666667, "x": 2.0, "z": 5.088666036269315, "pz": 1.1111111111111116}, "22": {"sorted_neighbours": [20], "is_fixed": true, "y": 7.0, "x": 6.0, "z": 0.0, "pz": 0.0}, "19": {"sorted_neighbours": [33, 43, 5, 12], "is_fixed": false, "y": 6.666666666666667, "x": 3.333333333333333, "z": 5.518074006647356, "pz": 1.111111111111111}, "39": {"sorted_neighbours": [11, 45, 41], "is_fixed": false, "y": 5.0, "x": 0.0, "z": 4.468318192437517, "pz": 0.38}, "29": {"sorted_neighbours": [18], "is_fixed": true, "y": 10.0, "x": 6.0, "z": 0.0, "pz": 0.0}, "41": {"sorted_neighbours": [39, 14, 15, 6], "is_fixed": false, "y": 5.0, "x": 1.0, "z": 7.830298496920501, "pz": 0.765}, "11": {"sorted_neighbours": [39, 6, 37], "is_fixed": false, "y": 6.666666666666667, "x": 0.0, "z": 4.020973244657641, "pz": 0.5555555555555556}, "5": {"sorted_neighbours": [4, 38, 1, 19], "is_fixed": false, "y": 8.333333333333334, "x": 1.6666666666666665, "z": 3.598363475142549, "pz": 0.5324074074074071}, "4": {"sorted_neighbours": [43, 30, 38, 5], "is_fixed": false, "y": 8.666666666666666, "x": 1.6666666666666665, "z": 3.2474887108835437, "pz": 0.5324074074074063}, "7": {"sorted_neighbours": [21, 16, 25, 26], "is_fixed": false, "y": 8.666666666666666, "x": 3.333333333333333, "z": 4.6034002988155525, "pz": 1.1111111111111116}, "6": {"sorted_neighbours": [13, 0, 11, 41], "is_fixed": false, "y": 6.666666666666667, "x": 0.6666666666666666, "z": 5.486668529772085, "pz": 1.111111111111111}, "1": {"sorted_neighbours": [38, 44, 12, 5], "is_fixed": false, "y": 8.333333333333334, "x": 1.3333333333333333, "z": 2.487160513952108, "pz": 0.5324074074074071}, "0": {"sorted_neighbours": [24, 38, 37, 6], "is_fixed": false, "y": 8.333333333333334, "x": 0.3333333333333333, "z": 3.6776518158472307, "pz": 0.5324074074074073}, "3": {"sorted_neighbours": [16, 21, 35, 38], "is_fixed": false, "y": 9.666666666666666, "x": 1.6666666666666665, "z": 3.5339907699315334, "pz": 0.5324074074074069}, "2": {"sorted_neighbours": [35, 21, 18], "is_fixed": false, "y": 10.0, "x": 3.333333333333334, "z": 3.9638420165719026, "pz": 0.5555555555555551}, "21": {"sorted_neighbours": [7, 8, 2, 3], "is_fixed": false, "y": 9.333333333333334, "x": 3.333333333333333, "z": 6.0180988820690295, "pz": 1.1111111111111118}, "31": {"sorted_neighbours": [17, 40, 33, 12], "is_fixed": false, "y": 5.0, "x": 4.0, "z": 5.576673345255337, "pz": 0.765}, "9": {"sorted_neighbours": [33], "is_fixed": true, "y": 4.0, "x": 5.0, "z": 0.0, "pz": 0.0}, "8": {"sorted_neighbours": [28, 18, 21, 26], "is_fixed": false, "y": 9.0, "x": 5.0, "z": 7.02373817151308, "pz": 0.765}, "44": {"sorted_neighbours": [1, 38, 24, 32], "is_fixed": false, "y": 8.333333333333334, "x": 1.0, "z": 3.087920139092128, "pz": 0.5324074074074072}, "14": {"sorted_neighbours": [41], "is_fixed": true, "y": 4.0, "x": 1.0, "z": 0.0, "pz": 0.0}, "34": {"sorted_neighbours": [26], "is_fixed": true, "y": 8.0, "x": 6.0, "z": 0.0, "pz": 0.0}, "24": {"sorted_neighbours": [44, 38, 0, 13], "is_fixed": false, "y": 8.333333333333334, "x": 0.6666666666666666, "z": 2.6454299395642327, "pz": 0.532407407407408}, "43": {"sorted_neighbours": [4, 19, 42, 25], "is_fixed": false, "y": 7.333333333333334, "x": 3.333333333333333, "z": 5.33581805513284, "pz": 1.1111111111111107}, "13": {"sorted_neighbours": [15, 32, 24, 6], "is_fixed": false, "y": 6.666666666666667, "x": 1.3333333333333333, "z": 4.8768402212490205, "pz": 1.1111111111111107}, "33": {"sorted_neighbours": [31, 9, 10, 42, 19], "is_fixed": false, "y": 5.0, "x": 5.0, "z": 5.700167763789345, "pz": 0.765}, "23": {"sorted_neighbours": [15], "is_fixed": true, "y": 4.0, "x": 2.0, "z": 0.0, "pz": 0.0}}, "edge": {"16": {"30": {"is_ind": false, "q": 7.43845910110754e-15}, "7": {"is_ind": false, "q": 1.0335055133366087}}, "36": {}, "26": {"8": {"is_ind": false, "q": 0.16711779034244084}, "34": {"is_symmetry": true, "is_ind": false, "q": 0.0}}, "45": {}, "15": {"41": {"is_ind": false, "q": 0.0833437501380497}, "23": {"is_symmetry": true, "is_ind": false, "q": 0.0}}, "18": {"29": {"is_symmetry": true, "is_ind": false, "q": 0.0}, "2": {"is_ind": false, "q": 0.6138044299049007}}, "35": {"3": {"is_ind": false, "q": 1.842013308447495e-15}, "38": {"is_ind": false, "q": 0.613804429904904}}, "25": {"20": {"is_ind": false, "q": 1.6798304517409806}, "43": {"is_ind": false, "q": 0.3282045556018389}}, "28": {}, "38": {"44": {"is_ind": false, "q": 0.4897167233006039}, "37": {"is_ind": false, "q": 0.8494563353981971}, "24": {"is_ind": false, "q": 1.2859471700796303}, "5": {"is_ind": false, "q": 0.31716347886277707}, "4": {"is_ind": false, "q": 0.45930475371416235}, "1": {"is_ind": false, "q": 1.607286922775516}, "0": {"is_ind": false, "q": 0.2849178027639971}, "30": {"is_ind": false, "q": 1.6971043757200241}, "3": {"is_ind": false, "q": 0.5071113456870118}, "16": {"is_ind": false, "q": 1.0335055133366093}}, "40": {}, "10": {}, "30": {"4": {"is_ind": false, "q": 1.9125030590319526e-15}, "25": {"is_ind": false, "q": 1.6971043757200248}}, "20": {"26": {"is_ind": false, "q": 0.8484441663539406}, "22": {"is_symmetry": true, "is_ind": false, "q": 0.0}}, "17": {"36": {"is_symmetry": true, "is_ind": false, "q": 0.0},