{"attributes": {"name": "FormDiagram", "color.vertex": [255, 255, 255], "color.edge": [0, 0, 0], "color.face": [0, 255, 255], "color.vertex:is_fixed": [255, 0, 0], "indset": "0.000,9.167,0.000-0.167,9.167,0.000-0.333,9.167,0.000-0.500,9.167,0.000-0.667,9.167,0.000-0.833,9.167,0.000", "loadpath": 115.0530970342512}, "dva": {"x": 0.0, "y": 0.0, "z": 0.0, "is_fixed": false, "cx": 0.0, "cy": 0.0}, "dea": {"q": 1.0, "f": 0.0, "l": 0.0, "is_ind": false, "is_element": false, "is_reaction": false, "is_load": false, "is_symmetry": false}, "dfa": {}, "vertex": {"0": {"cy": 0.0, "p": 0, "sorted_neighbours": [2, 23, 15, 18], "is_fixed": false, "y": 8.333333333333334, "x": 1.0, "z": 2.741875385683437, "cx": 0.0, "pz": 0.5324074074074072}, "1": {"cy": 0.0, "p": 0, "sorted_neighbours": [9, 12, 8, 26], "is_fixed": false, "y": 6.666666666666667, "x": 2.0, "z": 4.916248193384876, "cx": 0.0, "pz": 1.1111111111111114}, "2": {"cy": 0.0, "p": 0, "sorted_neighbours": [16, 3, 8, 19], "is_fixed": false, "y": 6.666666666666667, "x": 3.333333333333333, "z": 5.622298893879158, "cx": 0.0, "pz": 0.5555555555555554}, "3": {"cy": 0.0, "p": 0, "sorted_neighbours": [17, 5, 6, 13], "is_fixed": false, "y": 5.0, "x": 5.0, "z": 6.35667429835966, "cx": 0.0, "pz": 0.765}, "4": {"cy": 0.0, "p": 0, "sorted_neighbours": [8, 12, 24, 19], "is_fixed": false, "y": 5.0, "x": 4.0, "z": 6.186151057064064, "cx": 0.0, "pz": 0.765}, "5": {"cy": 0.0, "p": 0, "sorted_neighbours": [11, 20, 17, 18], "is_fixed": false, "y": 5.0, "x": 3.0, "z": 5.906267794862994, "cx": 0.0, "pz": 0.765}, "6": {"cy": 0.0, "p": 0, "sorted_neighbours": [1, 23, 2, 13], "is_fixed": false, "y": 8.333333333333334, "x": 1.6666666666666665, "z": 3.212542749263603, "cx": 0.0, "pz": 0.2662037037037038}, "7": {"cy": 0.0, "p": 0, "sorted_neighbours": [23, 26, 8, 3], "is_fixed": false, "y": 8.333333333333334, "x": 1.3333333333333333, "z": 2.970248932775753, "cx": 0.0, "pz": 0.5324074074074071}, "8": {"cy": 0.0, "p": 0, "sorted_neighbours": [23, 0, 9, 26], "is_fixed": false, "y": 8.333333333333334, "x": 0.6666666666666666, "z": 2.541112457536719, "cx": 0.0, "pz": 0.532407407407408}, "9": {"cy": 0.0, "p": 0, "sorted_neighbours": [15, 23, 21, 4], "is_fixed": false, "y": 8.333333333333334, "x": 0.3333333333333333, "z": 2.3679549005409575, "cx": 0.0, "pz": 0.5324074074074073}, "10": {"cy": 0.0, "p": 0, "sorted_neighbours": [9, 25, 14, 12], "is_fixed": false, "y": 5.0, "x": 2.0, "z": 5.532766685574737, "cx": 0.0, "pz": 0.765}, "11": {"cy": 0.0, "p": 0, "sorted_neighbours": [4, 22, 10, 11], "is_fixed": false, "y": 5.0, "x": 1.0, "z": 5.096087914421596, "cx": 0.0, "pz": 0.765}, "12": {"cy": 0.0, "p": 0, "sorted_neighbours": [27, 25, 7], "is_fixed": false, "y": 5.0, "x": 0.0, "z": 4.629523817068333, "cx": 0.0, "pz": 0.38}, "13": {"cy": 0.0, "p": 0, "sorted_neighbours": [22, 4, 21], "is_fixed": false, "y": 6.666666666666667, "x": 0.0, "z": 3.930676362577274, "cx": 0.0, "pz": 0.5555555555555556}, "14": {"cy": 0.0, "p": 0, "sorted_neighbours": [15, 4, 11, 18], "is_fixed": false, "y": 6.666666666666667, "x": 1.3333333333333333, "z": 4.570702300160517, "cx": 0.0, "pz": 1.111111111111111}, "15": {"cy": 0.0, "p": 0, "sorted_neighbours": [7, 0, 23], "is_fixed": false, "y": 8.333333333333334, "x": 0.0, "z": 2.2101221032747214, "cx": 0.0, "pz": 0.26620370370370366}, "16": {"cy": 0.0, "p": 0, "sorted_neighbours": [9, 0, 7, 25], "is_fixed": false, "y": 6.666666666666667, "x": 0.6666666666666666, "z": 4.244645268043303, "cx": 0.0, "pz": 1.111111111111111}, "17": {"cy": 0.0, "p": 0, "sorted_neighbours": [17, 13, 2, 18], "is_fixed": false, "y": 6.666666666666667, "x": 2.6666666666666665, "z": 5.273841460774339, "cx": 0.0, "pz": 1.111111111111111}, "18": {"cy": 0.0, "p": 0, "sorted_neighbours": [21, 0, 15, 26, 2, 3], "is_fixed": true, "y": 10.0, "x": 0.0, "z": 0.0, "cx": 0.0, "pz": 0.4629629629629626}, "19": {"cy": 0.0, "p": 0, "sorted_neighbours": [19], "is_fixed": true, "y": 5.0, "x": 6.0, "z": 0.0, "cx": 0.0, "pz": 0.0}, "20": {"cy": 0.0, "p": 0, "sorted_neighbours": [25], "is_fixed": true, "y": 4.0, "x": 1.0, "z": 0.0, "cx": 0.0, "pz": 0.0}, "21": {"cy": 0.0, "p": 0, "sorted_neighbours": [11], "is_fixed": true, "y": 4.0, "x": 2.0, "z": 0.0, "cx": 0.0, "pz": 0.0}, "22": {"cy": 0.0, "p": 0, "sorted_neighbours": [17], "is_fixed": true, "y": 4.0, "x": 4.0, "z": 0.0, "cx": 0.0, "pz": 0.0}, "23": {"cy": 0.0, "p": 0, "sorted_neighbours": [13], "is_fixed": true, "y": 7.278974075172365, "x": 3.9401412711238306, "z": 0.0, "cx": 0.0, "pz": 0.0}, "24": {"cy": 0.0, "p": 0, "sorted_neighbours": [12], "is_fixed": true, "y": 4.0, "x": 3.0, "z": 0.0, "cx": 0.0, "pz": 0.0}, "25": {"cy": 0.0, "p": 0, "sorted_neighbours": [3], "is_fixed": true, "y": 8.945640741839032, "x": 2.273474604457164, "z": 0.0, "cx": 0.0, "pz": 0.0}, "26": {"cy": 0.0, "p": 0, "sorted_neighbours": [22], "is_fixed": true, "y": 4.0, "x": 0.0, "z": 0.0, "cx": 0.0, "pz": 0.0}, "27": {"cy": 0.0, "p": 0, "sorted_neighbours": [19], "is_fixed": true, "y": 4.0, "x": 5.0, "z": 0.0, "cx": 0.0, "pz": 0.0}}, "edge": {"0": {"1": {"is_symmetry": false, "q": 0.9381582291021009, "f": 0.0, "l": 0.0, "is_ind": false, "is_element": false, "is_reaction": false, "is_load": false}, "8": {"is_symmetry": false, "q": 6.802586528514952e-15, "f": 0.0, "l": 0.0, "is_ind": false, "is_element": false, "is_reaction": false, "is_load": false}}, "1": {"5": {"is_symmetry": false, "q": 0.9381582291020997, "f": 0.0, "l": 0.0, "is_ind": false, "is_element": false, "is_reaction": false, "is_load": false}, "14": {"is_symmetry": false, "q": 4.057273185750478e-15, "f": 0.0, "l": 0.0, "is_ind": false, "is_element": false, "is_reaction": false, "is_load": false}}, "2": {"3": {"is_symmetry": false, "q": 0.33159953319232244, "f": 0.0, "l": 0.0, "is_ind": false, "is_element": false, "is_reaction": false, "is_load": false}, "17": {"is_symmetry": false, "q": 3.314078702937417e-15, "f": 0.0, "l": 0.0, "is_ind": false, "is_element": false, "is_reaction": false, "is_load": false}, "23": {"is_symmetry": true, "q": 0.0, "f": 0.0, "l": 0.0, "is_ind": false, "is_element": false, "is_reaction": false, "is_load": false}}, "3": {"4": {"is_symmetry": false, "q": 3.0581249070871945, "f": 0.0, "l": 0.0, "is_ind": false, "is_element": false, "is_reaction": false, "is_load": false}, "19": {"is_symmetry": true, "q": 0.0, "f": 0.0, "l": 0.0, "is_ind": false, "is_element": false, "is_reaction": false, "is_load": false}, "27": {"is_symmetry": true, "q": 0.0, "f": 0.0, "l": 0.0, "is_ind": false, "is_element": false, "is_reaction": false, "is_load": false}}, "4": {"5": {"is_symmetry": false, "q": 1.9932937685798922, "f": 0.0, "l": 0.0, "is_ind": false, "is_element": false, "is_reaction": false, "is_load": false}, "22": {"is_symmetry": true, "q": 0.0, "f": 0.0, "l": 0.0, "is_ind": false, "is_element": false, "is_reaction": false, "is_load": false}}, "5": {"24": {"is_symmetry": true, "q": 0.0, "f": 0.0, "l": 0.0, "is_ind": false, "is_element": false, "is_reaction": false, "is_load": false}, "10": {"is_symmetry": false, "q": 1.0551355394777941, "f": 0.0, "l": 0.0, "is_ind": false, "is_element": false, "is_reaction": false, "is_load": false}}, "6": {"7": {"is_symmetry": false, "q": 1.1701713279510795e-14, "f": 0.0, "l": 0.0, "is_ind": false, "is_element": false, "is_reaction": false, "is_load": false}, "25": {"is_symmetry": true, "q": 0.0, "f": 0.0, "l": 0.0, "is_ind": false, "is_element": false, "is_reaction": false, "is_load": false}, "2": {"is_symmetry": false, "q": 0.3315995331923217, "f": 0.0, "l": 0.0, "is_ind": false, "is_element": false, "is_reaction": false, "is_load": false}}, "7": {"17": {"is_symmetry": false, "q": 0.7986233538804774, "f": 0.0, "l": 0.0, "is_ind": false, "is_element": false, "is_reaction": false, "is_load": false}, "0": {"is_symmetry": false, "q": 9.323253508112571e-15, "f": 0.0, "l": 0.0, "is_ind": false, "is_element": false, "is_reaction": false, "is_load": false}}, "8": {"9": {"is_symmetry": false, "q": 2.509585596578371e-15, "f": 0.0, "l": 0.0,