{"attributes": {"name": "FormDiagram", "color.vertex": [255, 255, 255], "color.edge": [0, 0, 0], "color.face": [0, 255, 255], "color.vertex:is_fixed": [255, 0, 0], "indset": "0.500,7.000,0.000-1.000,9.500,0.000-1.500,5.000,0.000-2.000,7.500,0.000-2.500,6.000,0.000-3.000,7.500,0.000-3.500,8.000,0.000-4.000,9.500,0.000-4.500,9.000,0.000-5.000,9.500,0.000", "loadpath": 112.35847199586297}, "dva": {"x": 0.0, "y": 0.0, "z": 0.0, "is_fixed": false, "cx": 0.0, "cy": 0.0}, "dea": {"q": 1.0, "f": 0.0, "l": 0.0, "is_ind": false, "is_element": false, "is_reaction": false, "is_load": false, "is_symmetry": false}, "dfa": {}, "vertex": {"0": {"cx": 0.0, "p": 0, "cy": 0.0, "is_fixed": false, "pz": 0.5, "z": 4.037925194897259, "y": 5.0, "x": 4.0, "sorted_neighbours": [12, 18, 29, 25]}, "1": {"cx": 0.0, "p": 0, "cy": 0.0, "is_fixed": false, "pz": 0.25, "z": 4.143605056647896, "y": 5.0, "x": 5.0, "sorted_neighbours": [8, 36, 15, 16]}, "2": {"cx": 0.0, "p": 0, "cy": 0.0, "is_fixed": false, "pz": 0.5, "z": 2.8773776927886465, "y": 5.0, "x": 2.0, "sorted_neighbours": [30, 25, 5, 27]}, "3": {"cx": 0.0, "p": 0, "cy": 0.0, "is_fixed": false, "pz": 0.5, "z": 3.6554186722016513, "y": 5.0, "x": 3.0, "sorted_neighbours": [21, 15, 43, 34]}, "4": {"cx": 0.0, "p": 0, "cy": 0.0, "is_fixed": false, "pz": 0.5, "z": 4.038235105052944, "y": 6.0, "x": 5.0, "sorted_neighbours": [38, 29, 18, 20]}, "5": {"cx": 0.0, "p": 0, "cy": 0.0, "is_fixed": false, "pz": 0.5, "z": 3.655494345636684, "y": 7.0, "x": 5.0, "sorted_neighbours": [31, 33, 36, 24]}, "6": {"cx": 0.0, "p": 0, "cy": 0.0, "is_fixed": true, "pz": 0.20833333333333326, "z": 0.0, "y": 5.0, "x": 6.0, "sorted_neighbours": [18]}, "7": {"cx": 0.0, "p": 0, "cy": 0.0, "is_fixed": true, "pz": 0.25, "z": 0.0, "y": 8.0, "x": 0.0, "sorted_neighbours": [39]}, "8": {"cx": 0.0, "p": 0, "cy": 0.0, "is_fixed": false, "pz": 1.0, "z": 2.0913716453763778, "y": 8.0, "x": 1.0, "sorted_neighbours": [0, 42, 7, 3]}, "9": {"cx": 0.0, "p": 0, "cy": 0.0, "is_fixed": true, "pz": 0.25, "z": 0.0, "y": 4.0, "x": 3.0, "sorted_neighbours": [25]}, "10": {"cx": 0.0, "p": 0, "cy": 0.0, "is_fixed": true, "pz": 0.20833333333333326, "z": 0.0, "y": 4.0, "x": 5.0, "sorted_neighbours": [18]}, "11": {"cx": 0.0, "p": 0, "cy": 0.0, "is_fixed": true, "pz": 0.25, "z": 0.0, "y": 7.0, "x": 6.0, "sorted_neighbours": [38]}, "12": {"cx": 0.0, "p": 0, "cy": 0.0, "is_fixed": false, "pz": 1.0, "z": 1.703641176109039, "y": 6.0, "x": 1.0, "sorted_neighbours": [5, 3, 11, 27]}, "13": {"cx": 0.0, "p": 0, "cy": 0.0, "is_fixed": false, "pz": 1.0, "z": 1.8547381708910173, "y": 7.0, "x": 1.0, "sorted_neighbours": [39, 14, 44, 6]}, "14": {"cx": 0.0, "p": 0, "cy": 0.0, "is_fixed": true, "pz": 0.20833333333333326, "z": 0.0, "y": 5.0, "x": 0.0, "sorted_neighbours": [27]}, "15": {"cx": 0.0, "p": 0, "cy": 0.0, "is_fixed": false, "pz": 0.5, "z": 1.654751568082831, "y": 5.0, "x": 1.0, "sorted_neighbours": [44, 2, 22, 34]}, "16": {"cx": 0.0, "p": 0, "cy": 0.0, "is_fixed": false, "pz": 0.5, "z": 2.876988859961478, "y": 8.0, "x": 5.0, "sorted_neighbours": [17, 35, 23, 38]}, "17": {"cx": 0.0, "p": 0, "cy": 0.0, "is_fixed": true, "pz": 0.25, "z": 0.0, "y": 8.0, "x": 6.0, "sorted_neighbours": [31]}, "18": {"cx": 0.0, "p": 0, "cy": 0.0, "is_fixed": true, "pz": 0.20833333333333348, "z": 0.0, "y": 9.0, "x": 0.0, "sorted_neighbours": [42]}, "19": {"cx": 0.0, "p": 0, "cy": 0.0, "is_fixed": false, "pz": 1.0, "z": 2.2111859456058753, "y": 9.0, "x": 1.0, "sorted_neighbours": [10, 39, 4, 26]}, "20": {"cx": 0.0, "p": 0, "cy": 0.0, "is_fixed": false, "pz": 1.0, "z": 2.9127729788060575, "y": 8.0, "x": 4.0, "sorted_neighbours": [31, 28, 37, 33]}, "21": {"cx": 0.0, "p": 0, "cy": 0.0, "is_fixed": false, "pz": 1.0, "z": 2.0886581866246177, "y": 9.0, "x": 2.0, "sorted_neighbours": [42, 0, 40, 41]}, "22": {"cx": 0.0, "p": 0, "cy": 0.0, "is_fixed": false, "pz": 1.0, "z": 1.8559879588028247, "y": 9.0, "x": 3.0, "sorted_neighbours": [4, 37, 28, 32]}, "23": {"cx": 0.0, "p": 0, "cy": 0.0, "is_fixed": false, "pz": 1.0, "z": 2.8711761506201765, "y": 8.0, "x": 2.0, "sorted_neighbours": [37, 4, 39, 6]}, "24": {"cx": 0.0, "p": 0, "cy": 0.0, "is_fixed": false, "pz": 1.0, "z": 2.982790239431068, "y": 8.0, "x": 3.0, "sorted_neighbours": [0, 1, 23, 40]}, "25": {"cx": 0.0, "p": 0, "cy": 0.0, "is_fixed": false, "pz": 0.5, "z": 1.65327743963042, "y": 9.0, "x": 5.0, "sorted_neighbours": [28, 31, 19, 13]}, "26": {"cx": 0.0, "p": 0, "cy": 0.0, "is_fixed": true, "pz": 0.20833333333333326, "z": 0.0, "y": 10.0, "x": 5.0, "sorted_neighbours": [35]}, "27": {"cx": 0.0, "p": 0, "cy": 0.0, "is_fixed": false, "pz": 1.0, "z": 3.6333530674987604, "y": 6.0, "x": 3.0, "sorted_neighbours": [25, 29, 1, 5]}, "28": {"cx": 0.0, "p": 0, "cy": 0.0, "is_fixed": false, "pz": 1.0, "z": 3.95559696545787, "y": 6.0, "x": 4.0, "sorted_neighbours": [43, 15, 36, 33]}, "29": {"cx": 0.0, "p": 0, "cy": 0.0, "is_fixed": true, "pz": 0.25, "z": 0.0, "y": 6.0, "x": 0.0, "sorted_neighbours": [44]}, "30": {"cx": 0.0, "p": 0, "cy": 0.0, "is_fixed": true, "pz": 0.25, "z": 0.0, "y": 6.0, "x": 6.0, "sorted_neighbours": [36]}, "31": {"cx": 0.0, "p": 0, "cy": 0.0, "is_fixed": true, "pz": 0.20833333333333334, "z": 0.0, "y": 10.0, "x": 1.0, "sorted_neighbours": [42]}, "32": {"cx": 0.0, "p": 0, "cy": 0.0, "is_fixed": false, "pz": 1.0, "z": 3.6326598158621835, "y": 7.0, "x": 4.0, "sorted_neighbours": [23, 1, 29, 38]}, "33": {"cx": 0.0, "p": 0, "cy": 0.0, "is_fixed": false, "pz": 1.0, "z": 2.914040020885608, "y": 6.0, "x": 2.0, "sorted_neighbours": [44, 34, 43, 6]}, "34": {"cx": 0.0, "p": 0, "cy": 0.0, "is_fixed": true, "pz": 0.20833333333333348, "z": 0.0, "y": 9.0, "x": 6.0, "sorted_neighbours": [35]}, "35": {"cx": 0.0, "p": 0, "cy": 0.0, "is_fixed": false, "pz": 1.0, "z": 2.9802433597141444, "y": 7.0, "x": 2.0, "sorted_neighbours": [1, 0, 3, 5]}, "36": {"cx": 0.0, "p": 0, "cy": 0.0, "is_fixed": false, "pz": 1.0, "z": 3.486397031165427, "y": 7.0, "x": 3.0, "sorted_neighbours": [37, 6, 43, 33]}, "37": {"cx": 0.0, "p": 0, "cy": 0.0, "is_fixed": false, "pz": 1.0, "z": 1.7007300069029325, "y": 9.0, "x": 4.0, "sorted_neighbours": [23, 35, 9, 40]}, "38": {"cx": 0.0, "p": 0, "cy": 0.0, "is_fixed": true, "pz": 0.25, "z": 0.0, "y": 10.0, "x": 4.0, "sorted_neighbours": [28]}, "39": {"cx": 0.0, "p": 0, "cy": 0.0, "is_fixed": true, "pz": 0.25, "z": 0.0, "y": 10.0, "x": 3.0, "sorted_neighbours": [40]}, "40": {"cx": 0.0, "p": 0, "cy": 0.0, "is_fixed": true, "pz": 0.25, "z": 0.0, "y": 4.0, "x": 4.0, "sorted_neighbours": [15]}, "41": {"cx": 0.0, "p": 0, "cy": 0.0, "is_fixed": true, "pz": 0.20833333333333334, "z": 0.0, "y": 4.0, "x": 1.0, "sorted_neighbours": [27]}, "42": {"cx": 0.0, "p": 0, "cy": 0.0, "is_fixed": true, "pz": 0.25, "z": 0.0, "y": 10.0, "x": 2.0, "sorted_neighbours": [4]}, "43": {"cx": 0.0, "p": 0, "cy": 0.0, "is_fixed": true, "pz": 0.25, "z": 0.0, "y": 7.0, "x": 0.0, "sorted_neighbours": [3]}, "44": {"cx": 0.0, "p": 0, "cy": 0.0, "is_fixed": true, "pz": 0.25, "z": 0.0, "y": 4.0, "x": 2.0, "sorted_neighbours": [34]}}, "edge": {"0": {"1": {"is_symmetry": false, "q": 1.1866136182955844, "f": 0.0, "l": 0.0, "is_ind": false, "is_element": false, "is_reaction": false, "is_load": false}, "28": {"is_symmetry": false, "q": 2.0832916653657922, "f": 0.0, "l": 0.0, "is_ind": false, "is_element": false, "is_reaction": false, "is_load": false}, "40": {"is_symmetry": true, "q": 0.0, "f": 0.0, "l": 0.0, "is_ind": false, "is_element": false, "is_reaction": false, "is_load": false}}, "1": {"6": {"is_symmetry": true, "q": 0.0, "f": 0.0, "l": 0.0, "is_ind": false, "is_element": false, "is_reaction": false, "is_load": false}, "10": {"is_symmetry": true, "q": 0.0, "f": 0.0, "l": 0.0, "is_ind": false, "is_element": false, "is_reaction": false, "is_load": false}, "4": {"is_symmetry": false, "q": 1.1824892673963143, "f": 0.0, "l": 0.0, "is_ind": false, "is_element": false, "is_reaction": false, "is_load": false}}, "2": {"3": {"is_symmetry": false, "q": 1.1866136182955838, "f": 0.0, "l": 0.0, "is_ind": false,