{"attributes": {"name": "FormDiagram", "color.vertex": [255, 255, 255], "color.edge": [0, 0, 0], "color.face": [0, 255, 255], "color.vertex:is_fixed": [255, 0, 0], "indset": "0.500,5.000,0.000-0.500,6.000,0.000-0.500,8.000,0.000-0.500,9.000,0.000-1.000,4.500,0.000-2.000,7.500,0.000-2.500,7.000,0.000-3.000,8.500,0.000-4.000,8.500,0.000-5.000,6.500,0.000", "loadpath": 112.35851142179824}, "dva": {"x": 0.0, "y": 0.0, "z": 0.0, "is_fixed": false, "cx": 0.0, "cy": 0.0}, "dea": {"q": 1.0, "f": 0.0, "l": 0.0, "is_ind": false, "is_element": false, "is_reaction": false, "is_load": false, "is_symmetry": false}, "dfa": {}, "vertex": {"0": {"cx": 0.0, "p": 0, "cy": 0.0, "is_fixed": false, "pz": 1.0, "z": 3.6356719269429147, "y": 7.0, "x": 4.0, "sorted_neighbours": [23, 1, 29, 38]}, "1": {"cx": 0.0, "p": 0, "cy": 0.0, "is_fixed": false, "pz": 0.5, "z": 3.6574700451757516, "y": 7.0, "x": 5.0, "sorted_neighbours": [31, 33, 36, 24]}, "2": {"cx": 0.0, "p": 0, "cy": 0.0, "is_fixed": true, "pz": 0.25, "z": 0.0, "y": 7.0, "x": 6.0, "sorted_neighbours": [38]}, "3": {"cx": 0.0, "p": 0, "cy": 0.0, "is_fixed": false, "pz": 0.5, "z": 2.8785126548275177, "y": 5.0, "x": 2.0, "sorted_neighbours": [30, 25, 5, 27]}, "4": {"cx": 0.0, "p": 0, "cy": 0.0, "is_fixed": false, "pz": 1.0, "z": 2.9154946877442827, "y": 6.0, "x": 2.0, "sorted_neighbours": [44, 34, 43, 6]}, "5": {"cx": 0.0, "p": 0, "cy": 0.0, "is_fixed": false, "pz": 1.0, "z": 1.858353285168396, "y": 9.0, "x": 3.0, "sorted_neighbours": [4, 37, 28, 32]}, "6": {"cx": 0.0, "p": 0, "cy": 0.0, "is_fixed": false, "pz": 1.0, "z": 1.7033305177796976, "y": 9.0, "x": 4.0, "sorted_neighbours": [23, 35, 9, 40]}, "7": {"cx": 0.0, "p": 0, "cy": 0.0, "is_fixed": false, "pz": 0.5, "z": 4.040239100803447, "y": 5.0, "x": 4.0, "sorted_neighbours": [12, 18, 29, 25]}, "8": {"cx": 0.0, "p": 0, "cy": 0.0, "is_fixed": false, "pz": 1.0, "z": 3.958020269242848, "y": 6.0, "x": 4.0, "sorted_neighbours": [43, 15, 36, 33]}, "9": {"cx": 0.0, "p": 0, "cy": 0.0, "is_fixed": false, "pz": 0.5, "z": 1.6545254113219716, "y": 9.0, "x": 5.0, "sorted_neighbours": [28, 31, 19, 13]}, "10": {"cx": 0.0, "p": 0, "cy": 0.0, "is_fixed": true, "pz": 0.20833333333333326, "z": 0.0, "y": 10.0, "x": 5.0, "sorted_neighbours": [35]}, "11": {"cx": 0.0, "p": 0, "cy": 0.0, "is_fixed": false, "pz": 1.0, "z": 3.6356722608089584, "y": 6.0, "x": 3.0, "sorted_neighbours": [25, 29, 1, 5]}, "12": {"cx": 0.0, "p": 0, "cy": 0.0, "is_fixed": false, "pz": 1.0, "z": 3.490348497479325, "y": 7.0, "x": 3.0, "sorted_neighbours": [37, 6, 43, 33]}, "13": {"cx": 0.0, "p": 0, "cy": 0.0, "is_fixed": false, "pz": 0.5, "z": 2.8785134628633178, "y": 8.0, "x": 5.0, "sorted_neighbours": [17, 35, 23, 38]}, "14": {"cx": 0.0, "p": 0, "cy": 0.0, "is_fixed": true, "pz": 0.25, "z": 0.0, "y": 8.0, "x": 6.0, "sorted_neighbours": [31]}, "15": {"cx": 0.0, "p": 0, "cy": 0.0, "is_fixed": false, "pz": 1.0, "z": 2.214576425870364, "y": 9.0, "x": 1.0, "sorted_neighbours": [10, 39, 4, 26]}, "16": {"cx": 0.0, "p": 0, "cy": 0.0, "is_fixed": false, "pz": 1.0, "z": 2.0902799638356813, "y": 9.0, "x": 2.0, "sorted_neighbours": [42, 0, 40, 41]}, "17": {"cx": 0.0, "p": 0, "cy": 0.0, "is_fixed": false, "pz": 0.5, "z": 3.6574701035871025, "y": 5.0, "x": 3.0, "sorted_neighbours": [21, 15, 43, 34]}, "18": {"cx": 0.0, "p": 0, "cy": 0.0, "is_fixed": true, "pz": 0.25, "z": 0.0, "y": 7.0, "x": 0.0, "sorted_neighbours": [3]}, "19": {"cx": 0.0, "p": 0, "cy": 0.0, "is_fixed": false, "pz": 1.0, "z": 1.8583522154175347, "y": 7.0, "x": 1.0, "sorted_neighbours": [39, 14, 44, 6]}, "20": {"cx": 0.0, "p": 0, "cy": 0.0, "is_fixed": false, "pz": 0.25, "z": 4.145672789069767, "y": 5.0, "x": 5.0, "sorted_neighbours": [8, 36, 15, 16]}, "21": {"cx": 0.0, "p": 0, "cy": 0.0, "is_fixed": false, "pz": 0.5, "z": 4.04023909856603, "y": 6.0, "x": 5.0, "sorted_neighbours": [38, 29, 18, 20]}, "22": {"cx": 0.0, "p": 0, "cy": 0.0, "is_fixed": false, "pz": 1.0, "z": 2.872456069737396, "y": 8.0, "x": 2.0, "sorted_neighbours": [37, 4, 39, 6]}, "23": {"cx": 0.0, "p": 0, "cy": 0.0, "is_fixed": false, "pz": 1.0, "z": 2.9851758130544708, "y": 8.0, "x": 3.0, "sorted_neighbours": [0, 1, 23, 40]}, "24": {"cx": 0.0, "p": 0, "cy": 0.0, "is_fixed": true, "pz": 0.25, "z": 0.0, "y": 6.0, "x": 6.0, "sorted_neighbours": [36]}, "25": {"cx": 0.0, "p": 0, "cy": 0.0, "is_fixed": false, "pz": 1.0, "z": 2.0902802027817025, "y": 8.0, "x": 1.0, "sorted_neighbours": [0, 42, 7, 3]}, "26": {"cx": 0.0, "p": 0, "cy": 0.0, "is_fixed": false, "pz": 1.0, "z": 2.98517697912269, "y": 7.0, "x": 2.0, "sorted_neighbours": [1, 0, 3, 5]}, "27": {"cx": 0.0, "p": 0, "cy": 0.0, "is_fixed": true, "pz": 0.25, "z": 0.0, "y": 4.0, "x": 4.0, "sorted_neighbours": [15]}, "28": {"cx": 0.0, "p": 0, "cy": 0.0, "is_fixed": false, "pz": 1.0, "z": 1.7033281734929206, "y": 6.0, "x": 1.0, "sorted_neighbours": [5, 3, 11, 27]}, "29": {"cx": 0.0, "p": 0, "cy": 0.0, "is_fixed": true, "pz": 0.25, "z": 0.0, "y": 4.0, "x": 3.0, "sorted_neighbours": [25]}, "30": {"cx": 0.0, "p": 0, "cy": 0.0, "is_fixed": true, "pz": 0.25, "z": 0.0, "y": 10.0, "x": 3.0, "sorted_neighbours": [40]}, "31": {"cx": 0.0, "p": 0, "cy": 0.0, "is_fixed": false, "pz": 1.0, "z": 2.915494730016151, "y": 8.0, "x": 4.0, "sorted_neighbours": [31, 28, 37, 33]}, "32": {"cx": 0.0, "p": 0, "cy": 0.0, "is_fixed": true, "pz": 0.25, "z": 0.0, "y": 10.0, "x": 4.0, "sorted_neighbours": [28]}, "33": {"cx": 0.0, "p": 0, "cy": 0.0, "is_fixed": false, "pz": 0.5, "z": 1.654522745858585, "y": 5.0, "x": 1.0, "sorted_neighbours": [44, 2, 22, 34]}, "34": {"cx": 0.0, "p": 0, "cy": 0.0, "is_fixed": true, "pz": 0.20833333333333334, "z": 0.0, "y": 4.0, "x": 1.0, "sorted_neighbours": [27]}, "35": {"cx": 0.0, "p": 0, "cy": 0.0, "is_fixed": true, "pz": 0.20833333333333348, "z": 0.0, "y": 9.0, "x": 6.0, "sorted_neighbours": [35]}, "36": {"cx": 0.0, "p": 0, "cy": 0.0, "is_fixed": true, "pz": 0.20833333333333326, "z": 0.0, "y": 5.0, "x": 0.0, "sorted_neighbours": [27]}, "37": {"cx": 0.0, "p": 0, "cy": 0.0, "is_fixed": true, "pz": 0.20833333333333348, "z": 0.0, "y": 9.0, "x": 0.0, "sorted_neighbours": [42]}, "38": {"cx": 0.0, "p": 0, "cy": 0.0, "is_fixed": true, "pz": 0.25, "z": 0.0, "y": 8.0, "x": 0.0, "sorted_neighbours": [39]}, "39": {"cx": 0.0, "p": 0, "cy": 0.0, "is_fixed": true, "pz": 0.25, "z": 0.0, "y": 4.0, "x": 2.0, "sorted_neighbours": [34]}, "40": {"cx": 0.0, "p": 0, "cy": 0.0, "is_fixed": true, "pz": 0.20833333333333326, "z": 0.0, "y": 5.0, "x": 6.0, "sorted_neighbours": [18]}, "41": {"cx": 0.0, "p": 0, "cy": 0.0, "is_fixed": true, "pz": 0.25, "z": 0.0, "y": 10.0, "x": 2.0, "sorted_neighbours": [4]}, "42": {"cx": 0.0, "p": 0, "cy": 0.0, "is_fixed": true, "pz": 0.20833333333333334, "z": 0.0, "y": 10.0, "x": 1.0, "sorted_neighbours": [42]}, "43": {"cx": 0.0, "p": 0, "cy": 0.0, "is_fixed": true, "pz": 0.25, "z": 0.0, "y": 6.0, "x": 0.0, "sorted_neighbours": [44]}, "44": {"cx": 0.0, "p": 0, "cy": 0.0, "is_fixed": true, "pz": 0.20833333333333326, "z": 0.0, "y": 4.0, "x": 5.0, "sorted_neighbours": [18]}}, "edge": {"0": {"1": {"is_symmetry": false, "q": 1.389469879135851, "f": 0.0, "l": 0.0, "is_ind": false, "is_element": false, "is_reaction": false, "is_load": false}, "31": {"is_symmetry": false, "q": 2.0822152317508733, "f": 0.0, "l": 0.0, "is_ind": false, "is_element": false, "is_reaction": false, "is_load": false}}, "1": {"2": {"is_symmetry": true, "q": 0.0, "f": 0.0, "l": 0.0, "is_ind": false, "is_element": false, "is_reaction": false, "is_load": false}, "13": {"is_symmetry": false, "q": 1.1855804057525543, "f": 0.0, "l": 0.0, "is_ind": false, "is_element": false, "is_reaction": false, "is_load": false}}, "2": {}, "3": {"4": {"is_symmetry": false, "q": 0.7468703386277643, "f": 0.0, "l": 0.0, "is_ind": false, "is_element": false, "is_reaction": false, "is_load": false}, "17": {"is_symmetry": false, "q": 1.1855782007440248, "f": 0.0, "l": 0.0, "is_ind": false, "is_element": false, "is_reaction": false, "is_load": false}, "39": {"is_symmetry": true, "q": 0.0, "f": 0.0, "l": 0.0,