{"attributes": {"name": "FormDiagram", "color.vertex": [255, 255, 255], "color.edge": [0, 0, 0], "color.face": [0, 255, 255], "color.vertex:is_fixed": [255, 0, 0], "indset": "0.500,5.000,0.000-0.500,6.000,0.000-0.500,7.000,0.000-0.500,9.000,0.000-1.000,9.500,0.000-2.000,6.500,0.000-3.000,6.500,0.000-4.000,8.500,0.000-4.500,8.000,0.000-5.000,7.500,0.000", "loadpath": 112.35835364139137}, "dva": {"x": 0.0, "y": 0.0, "z": 0.0, "is_fixed": false, "cx": 0.0, "cy": 0.0}, "dea": {"q": 1.0, "f": 0.0, "l": 0.0, "is_ind": false, "is_element": false, "is_reaction": false, "is_load": false, "is_symmetry": false}, "dfa": {}, "vertex": {"0": {"cy": 0.0, "p": 0, "sorted_neighbours": [1, 7, 35, 31], "is_fixed": false, "y": 9.0, "x": 2.0, "z": 2.0902807228508204, "cx": 0.0, "pz": 1.0}, "1": {"cy": 0.0, "p": 0, "sorted_neighbours": [2, 5, 6, 27], "is_fixed": false, "y": 9.0, "x": 3.0, "z": 1.858353251394093, "cx": 0.0, "pz": 1.0}, "2": {"cy": 0.0, "p": 0, "sorted_neighbours": [3, 14, 39, 34], "is_fixed": false, "y": 5.0, "x": 3.0, "z": 3.657470048462663, "cx": 0.0, "pz": 0.5}, "3": {"cy": 0.0, "p": 0, "sorted_neighbours": [37, 23, 16, 41], "is_fixed": false, "y": 5.0, "x": 4.0, "z": 4.040238839503371, "cx": 0.0, "pz": 0.5}, "4": {"cy": 0.0, "p": 0, "sorted_neighbours": [9, 10, 43, 34], "is_fixed": false, "y": 5.0, "x": 5.0, "z": 4.145672172123145, "cx": 0.0, "pz": 0.25}, "5": {"cy": 0.0, "p": 0, "sorted_neighbours": [37], "is_fixed": true, "y": 5.0, "x": 6.0, "z": 0.0, "cx": 0.0, "pz": 0.20833333333333326}, "6": {"cy": 0.0, "p": 0, "sorted_neighbours": [23, 37, 30, 19], "is_fixed": false, "y": 6.0, "x": 5.0, "z": 4.040238501207924, "cx": 0.0, "pz": 0.5}, "7": {"cy": 0.0, "p": 0, "sorted_neighbours": [43], "is_fixed": true, "y": 6.0, "x": 6.0, "z": 0.0, "cx": 0.0, "pz": 0.25}, "8": {"cy": 0.0, "p": 0, "sorted_neighbours": [2, 28, 3, 18], "is_fixed": false, "y": 7.0, "x": 3.0, "z": 3.4903485993764267, "cx": 0.0, "pz": 1.0}, "9": {"cy": 0.0, "p": 0, "sorted_neighbours": [12, 32, 23, 19], "is_fixed": false, "y": 7.0, "x": 4.0, "z": 3.635671701533931, "cx": 0.0, "pz": 1.0}, "10": {"cy": 0.0, "p": 0, "sorted_neighbours": [24, 28, 2, 27], "is_fixed": false, "y": 8.0, "x": 2.0, "z": 2.872456330849203, "cx": 0.0, "pz": 1.0}, "11": {"cy": 0.0, "p": 0, "sorted_neighbours": [31, 35, 32, 12], "is_fixed": false, "y": 8.0, "x": 3.0, "z": 2.9851760337318156, "cx": 0.0, "pz": 1.0}, "12": {"cy": 0.0, "p": 0, "sorted_neighbours": [22, 0, 28, 24], "is_fixed": false, "y": 7.0, "x": 1.0, "z": 1.8583524043510011, "cx": 0.0, "pz": 1.0}, "13": {"cy": 0.0, "p": 0, "sorted_neighbours": [35, 7, 11, 25], "is_fixed": false, "y": 8.0, "x": 1.0, "z": 2.090279838080517, "cx": 0.0, "pz": 1.0}, "14": {"cy": 0.0, "p": 0, "sorted_neighbours": [14, 0, 40, 13], "is_fixed": false, "y": 5.0, "x": 1.0, "z": 1.654522963162435, "cx": 0.0, "pz": 0.5}, "15": {"cy": 0.0, "p": 0, "sorted_neighbours": [44, 36, 25, 33], "is_fixed": false, "y": 6.0, "x": 1.0, "z": 1.7033292226839236, "cx": 0.0, "pz": 1.0}, "16": {"cy": 0.0, "p": 0, "sorted_neighbours": [24, 27, 42, 4], "is_fixed": false, "y": 9.0, "x": 1.0, "z": 2.21457601206046, "cx": 0.0, "pz": 1.0}, "17": {"cy": 0.0, "p": 0, "sorted_neighbours": [7], "is_fixed": true, "y": 10.0, "x": 1.0, "z": 0.0, "cx": 0.0, "pz": 0.20833333333333334}, "18": {"cy": 0.0, "p": 0, "sorted_neighbours": [36, 32, 35, 25], "is_fixed": false, "y": 7.0, "x": 2.0, "z": 2.985177044305683, "cx": 0.0, "pz": 1.0}, "19": {"cy": 0.0, "p": 0, "sorted_neighbours": [36, 44, 21, 16], "is_fixed": false, "y": 5.0, "x": 2.0, "z": 2.8785127127022903, "cx": 0.0, "pz": 0.5}, "20": {"cy": 0.0, "p": 0, "sorted_neighbours": [28, 0, 14, 3], "is_fixed": false, "y": 6.0, "x": 2.0, "z": 2.915495460905358, "cx": 0.0, "pz": 1.0}, "21": {"cy": 0.0, "p": 0, "sorted_neighbours": [38, 8, 12, 19], "is_fixed": false, "y": 8.0, "x": 5.0, "z": 2.878512010157962, "cx": 0.0, "pz": 0.5}, "22": {"cy": 0.0, "p": 0, "sorted_neighbours": [26], "is_fixed": true, "y": 8.0, "x": 6.0, "z": 0.0, "cx": 0.0, "pz": 0.25}, "23": {"cy": 0.0, "p": 0, "sorted_neighbours": [8, 15, 31, 12], "is_fixed": false, "y": 9.0, "x": 4.0, "z": 1.703330080495095, "cx": 0.0, "pz": 1.0}, "24": {"cy": 0.0, "p": 0, "sorted_neighbours": [29, 17, 5, 26], "is_fixed": false, "y": 9.0, "x": 5.0, "z": 1.6545239056605077, "cx": 0.0, "pz": 0.5}, "25": {"cy": 0.0, "p": 0, "sorted_neighbours": [23, 32, 36, 16], "is_fixed": false, "y": 6.0, "x": 3.0, "z": 3.63567265368566, "cx": 0.0, "pz": 1.0}, "26": {"cy": 0.0, "p": 0, "sorted_neighbours": [5], "is_fixed": true, "y": 10.0, "x": 4.0, "z": 0.0, "cx": 0.0, "pz": 0.25}, "27": {"cy": 0.0, "p": 0, "sorted_neighbours": [3, 34, 43, 18], "is_fixed": false, "y": 6.0, "x": 4.0, "z": 3.95802021416119, "cx": 0.0, "pz": 1.0}, "28": {"cy": 0.0, "p": 0, "sorted_neighbours": [26, 18, 43, 20], "is_fixed": false, "y": 7.0, "x": 5.0, "z": 3.657469006191782, "cx": 0.0, "pz": 0.5}, "29": {"cy": 0.0, "p": 0, "sorted_neighbours": [19], "is_fixed": true, "y": 7.0, "x": 6.0, "z": 0.0, "cx": 0.0, "pz": 0.25}, "30": {"cy": 0.0, "p": 0, "sorted_neighbours": [8], "is_fixed": true, "y": 9.0, "x": 6.0, "z": 0.0, "cx": 0.0, "pz": 0.20833333333333348}, "31": {"cy": 0.0, "p": 0, "sorted_neighbours": [8], "is_fixed": true, "y": 10.0, "x": 5.0, "z": 0.0, "cx": 0.0, "pz": 0.20833333333333326}, "32": {"cy": 0.0, "p": 0, "sorted_neighbours": [31], "is_fixed": true, "y": 10.0, "x": 3.0, "z": 0.0, "cx": 0.0, "pz": 0.25}, "33": {"cy": 0.0, "p": 0, "sorted_neighbours": [27], "is_fixed": true, "y": 10.0, "x": 2.0, "z": 0.0, "cx": 0.0, "pz": 0.25}, "34": {"cy": 0.0, "p": 0, "sorted_neighbours": [24], "is_fixed": true, "y": 8.0, "x": 0.0, "z": 0.0, "cx": 0.0, "pz": 0.25}, "35": {"cy": 0.0, "p": 0, "sorted_neighbours": [44], "is_fixed": true, "y": 4.0, "x": 1.0, "z": 0.0, "cx": 0.0, "pz": 0.20833333333333334}, "36": {"cy": 0.0, "p": 0, "sorted_neighbours": [2, 18, 26, 5], "is_fixed": false, "y": 8.0, "x": 4.0, "z": 2.9154944499545055, "cx": 0.0, "pz": 1.0}, "37": {"cy": 0.0, "p": 0, "sorted_neighbours": [25], "is_fixed": true, "y": 7.0, "x": 0.0, "z": 0.0, "cx": 0.0, "pz": 0.25}, "38": {"cy": 0.0, "p": 0, "sorted_neighbours": [44], "is_fixed": true, "y": 5.0, "x": 0.0, "z": 0.0, "cx": 0.0, "pz": 0.20833333333333326}, "39": {"cy": 0.0, "p": 0, "sorted_neighbours": [37], "is_fixed": true, "y": 4.0, "x": 5.0, "z": 0.0, "cx": 0.0, "pz": 0.20833333333333326}, "40": {"cy": 0.0, "p": 0, "sorted_neighbours": [16], "is_fixed": true, "y": 4.0, "x": 3.0, "z": 0.0, "cx": 0.0, "pz": 0.25}, "41": {"cy": 0.0, "p": 0, "sorted_neighbours": [14], "is_fixed": true, "y": 4.0, "x": 2.0, "z": 0.0, "cx": 0.0, "pz": 0.25}, "42": {"cy": 0.0, "p": 0, "sorted_neighbours": [7], "is_fixed": true, "y": 9.0, "x": 0.0, "z": 0.0, "cx": 0.0, "pz": 0.20833333333333348}, "43": {"cy": 0.0, "p": 0, "sorted_neighbours": [34], "is_fixed": true, "y": 4.0, "x": 4.0, "z": 0.0, "cx": 0.0, "pz": 0.25}, "44": {"cy": 0.0, "p": 0, "sorted_neighbours": [0], "is_fixed": true, "y": 6.0, "x": 0.0, "z": 0.0, "cx": 0.0, "pz": 0.25}}, "edge": {"0": {"1": {"is_symmetry": false, "q": 0.213826277251549, "f": 0.0, "l": 0.0, "is_ind": false, "is_element": false, "is_reaction": false, "is_load": false}, "33": {"is_symmetry": false, "q": 0.7468707216758013, "f": 0.0, "l": 0.0, "is_ind": false, "is_element": false, "is_reaction": false, "is_load": false}}, "1": {"32": {"is_symmetry": false, "q": 1.3894761780791485, "f": 0.0, "l": 0.0, "is_ind": false, "is_element": false, "is_reaction": false, "is_load": false}, "23": {"is_symmetry": false, "q": 0.21382627725154973, "f": 0.0, "l": 0.0, "is_ind": false, "is_element": false, "is_reaction": false, "is_load": false}}, "2": {"3": {"is_symmetry": false, "q": 1.1855795566868947, "f": 0.0, "l": 0.0, "is_ind": false, "is_element": false, "is_reaction": false, "is_load": false}, "25": {"is_symmetry": false, "q": 1.3894761780791476, "f": 0.0, "l": 0.0, "is_ind": false, "is_element": false, "is_reaction": false, "is_load": false}, "40": {"is_symmetry": true, "q": 0.0, "f": 0.0,