{"attributes": {"name": "FormDiagram", "color.vertex": [255, 255, 255], "color.edge": [0, 0, 0], "color.face": [0, 255, 255], "color.vertex:is_fixed": [255, 0, 0], "loadpath": 112.35835364137776}, "dva": {"x": 0.0, "y": 0.0, "z": 0.0, "is_fixed": false, "cx": 0.0, "cy": 0.0}, "dea": {"q": 1.0, "f": 0.0, "l": 0.0, "is_ind": false, "is_element": false, "is_reaction": false, "is_load": false, "is_symmetry": false}, "dfa": {}, "vertex": {"0": {"cy": 0.0, "p": 0, "sorted_neighbours": [14, 0, 40, 13], "is_fixed": false, "y": 5.0, "x": 1.0, "z": 1.6545235910284937, "cx": 0.0, "pz": 0.5}, "1": {"cy": 0.0, "p": 0, "sorted_neighbours": [44], "is_fixed": true, "y": 4.0, "x": 1.0, "z": 0.0, "cx": 0.0, "pz": 0.20833333333333334}, "2": {"cy": 0.0, "p": 0, "sorted_neighbours": [28, 0, 14, 3], "is_fixed": false, "y": 6.0, "x": 2.0, "z": 2.9154949233309178, "cx": 0.0, "pz": 1.0}, "3": {"cy": 0.0, "p": 0, "sorted_neighbours": [36, 32, 35, 25], "is_fixed": false, "y": 7.0, "x": 2.0, "z": 2.9851767054541667, "cx": 0.0, "pz": 1.0}, "4": {"cy": 0.0, "p": 0, "sorted_neighbours": [29, 17, 5, 26], "is_fixed": false, "y": 9.0, "x": 5.0, "z": 1.6545235851734577, "cx": 0.0, "pz": 0.5}, "5": {"cy": 0.0, "p": 0, "sorted_neighbours": [8], "is_fixed": true, "y": 9.0, "x": 6.0, "z": 0.0, "cx": 0.0, "pz": 0.20833333333333348}, "6": {"cy": 0.0, "p": 0, "sorted_neighbours": [44, 36, 25, 33], "is_fixed": false, "y": 6.0, "x": 1.0, "z": 1.7033295719205672, "cx": 0.0, "pz": 1.0}, "7": {"cy": 0.0, "p": 0, "sorted_neighbours": [31, 35, 32, 12], "is_fixed": false, "y": 8.0, "x": 3.0, "z": 2.985176603025886, "cx": 0.0, "pz": 1.0}, "8": {"cy": 0.0, "p": 0, "sorted_neighbours": [2, 18, 26, 5], "is_fixed": false, "y": 8.0, "x": 4.0, "z": 2.915494891236225, "cx": 0.0, "pz": 1.0}, "9": {"cy": 0.0, "p": 0, "sorted_neighbours": [8, 15, 31, 12], "is_fixed": false, "y": 9.0, "x": 4.0, "z": 1.7033295687294852, "cx": 0.0, "pz": 1.0}, "10": {"cy": 0.0, "p": 0, "sorted_neighbours": [36, 44, 21, 16], "is_fixed": false, "y": 5.0, "x": 2.0, "z": 2.8785125476273943, "cx": 0.0, "pz": 0.5}, "11": {"cy": 0.0, "p": 0, "sorted_neighbours": [26, 18, 43, 20], "is_fixed": false, "y": 7.0, "x": 5.0, "z": 3.6574696568434395, "cx": 0.0, "pz": 0.5}, "12": {"cy": 0.0, "p": 0, "sorted_neighbours": [19], "is_fixed": true, "y": 7.0, "x": 6.0, "z": 0.0, "cx": 0.0, "pz": 0.25}, "13": {"cy": 0.0, "p": 0, "sorted_neighbours": [23, 37, 30, 19], "is_fixed": false, "y": 6.0, "x": 5.0, "z": 4.040238766834827, "cx": 0.0, "pz": 0.5}, "14": {"cy": 0.0, "p": 0, "sorted_neighbours": [44], "is_fixed": true, "y": 5.0, "x": 0.0, "z": 0.0, "cx": 0.0, "pz": 0.20833333333333326}, "15": {"cy": 0.0, "p": 0, "sorted_neighbours": [3, 34, 43, 18], "is_fixed": false, "y": 6.0, "x": 4.0, "z": 3.958020229203267, "cx": 0.0, "pz": 1.0}, "16": {"cy": 0.0, "p": 0, "sorted_neighbours": [5], "is_fixed": true, "y": 10.0, "x": 4.0, "z": 0.0, "cx": 0.0, "pz": 0.25}, "17": {"cy": 0.0, "p": 0, "sorted_neighbours": [2, 5, 6, 27], "is_fixed": false, "y": 9.0, "x": 3.0, "z": 1.858352898482257, "cx": 0.0, "pz": 1.0}, "18": {"cy": 0.0, "p": 0, "sorted_neighbours": [31], "is_fixed": true, "y": 10.0, "x": 3.0, "z": 0.0, "cx": 0.0, "pz": 0.25}, "19": {"cy": 0.0, "p": 0, "sorted_neighbours": [43], "is_fixed": true, "y": 6.0, "x": 6.0, "z": 0.0, "cx": 0.0, "pz": 0.25}, "20": {"cy": 0.0, "p": 0, "sorted_neighbours": [23, 32, 36, 16], "is_fixed": false, "y": 6.0, "x": 3.0, "z": 3.635672191081414, "cx": 0.0, "pz": 1.0}, "21": {"cy": 0.0, "p": 0, "sorted_neighbours": [12, 32, 23, 19], "is_fixed": false, "y": 7.0, "x": 4.0, "z": 3.6356721768616462, "cx": 0.0, "pz": 1.0}, "22": {"cy": 0.0, "p": 0, "sorted_neighbours": [37, 23, 16, 41], "is_fixed": false, "y": 5.0, "x": 4.0, "z": 4.040238777031796, "cx": 0.0, "pz": 0.5}, "23": {"cy": 0.0, "p": 0, "sorted_neighbours": [9, 10, 43, 34], "is_fixed": false, "y": 5.0, "x": 5.0, "z": 4.145672317320728, "cx": 0.0, "pz": 0.25}, "24": {"cy": 0.0, "p": 0, "sorted_neighbours": [1, 7, 35, 31], "is_fixed": false, "y": 9.0, "x": 2.0, "z": 2.090280311231939, "cx": 0.0, "pz": 1.0}, "25": {"cy": 0.0, "p": 0, "sorted_neighbours": [0], "is_fixed": true, "y": 6.0, "x": 0.0, "z": 0.0, "cx": 0.0, "pz": 0.25}, "26": {"cy": 0.0, "p": 0, "sorted_neighbours": [8], "is_fixed": true, "y": 10.0, "x": 5.0, "z": 0.0, "cx": 0.0, "pz": 0.20833333333333326}, "27": {"cy": 0.0, "p": 0, "sorted_neighbours": [2, 28, 3, 18], "is_fixed": false, "y": 7.0, "x": 3.0, "z": 3.4903487027907416, "cx": 0.0, "pz": 1.0}, "28": {"cy": 0.0, "p": 0, "sorted_neighbours": [37], "is_fixed": true, "y": 4.0, "x": 5.0, "z": 0.0, "cx": 0.0, "pz": 0.20833333333333326}, "29": {"cy": 0.0, "p": 0, "sorted_neighbours": [7], "is_fixed": true, "y": 9.0, "x": 0.0, "z": 0.0, "cx": 0.0, "pz": 0.20833333333333348}, "30": {"cy": 0.0, "p": 0, "sorted_neighbours": [24, 27, 42, 4], "is_fixed": false, "y": 9.0, "x": 1.0, "z": 2.2145759879870126, "cx": 0.0, "pz": 1.0}, "31": {"cy": 0.0, "p": 0, "sorted_neighbours": [35, 7, 11, 25], "is_fixed": false, "y": 8.0, "x": 1.0, "z": 2.0902802296573992, "cx": 0.0, "pz": 1.0}, "32": {"cy": 0.0, "p": 0, "sorted_neighbours": [24], "is_fixed": true, "y": 8.0, "x": 0.0, "z": 0.0, "cx": 0.0, "pz": 0.25}, "33": {"cy": 0.0, "p": 0, "sorted_neighbours": [22, 0, 28, 24], "is_fixed": false, "y": 7.0, "x": 1.0, "z": 1.858352995303541, "cx": 0.0, "pz": 1.0}, "34": {"cy": 0.0, "p": 0, "sorted_neighbours": [27], "is_fixed": true, "y": 10.0, "x": 2.0, "z": 0.0, "cx": 0.0, "pz": 0.25}, "35": {"cy": 0.0, "p": 0, "sorted_neighbours": [24, 28, 2, 27], "is_fixed": false, "y": 8.0, "x": 2.0, "z": 2.872456362041775, "cx": 0.0, "pz": 1.0}, "36": {"cy": 0.0, "p": 0, "sorted_neighbours": [7], "is_fixed": true, "y": 10.0, "x": 1.0, "z": 0.0, "cx": 0.0, "pz": 0.20833333333333334}, "37": {"cy": 0.0, "p": 0, "sorted_neighbours": [38, 8, 12, 19], "is_fixed": false, "y": 8.0, "x": 5.0, "z": 2.878512518189727, "cx": 0.0, "pz": 0.5}, "38": {"cy": 0.0, "p": 0, "sorted_neighbours": [14], "is_fixed": true, "y": 4.0, "x": 2.0, "z": 0.0, "cx": 0.0, "pz": 0.25}, "39": {"cy": 0.0, "p": 0, "sorted_neighbours": [26], "is_fixed": true, "y": 8.0, "x": 6.0, "z": 0.0, "cx": 0.0, "pz": 0.25}, "40": {"cy": 0.0, "p": 0, "sorted_neighbours": [3, 14, 39, 34], "is_fixed": false, "y": 5.0, "x": 3.0, "z": 3.6574696818437515, "cx": 0.0, "pz": 0.5}, "41": {"cy": 0.0, "p": 0, "sorted_neighbours": [16], "is_fixed": true, "y": 4.0, "x": 3.0, "z": 0.0, "cx": 0.0, "pz": 0.25}, "42": {"cy": 0.0, "p": 0, "sorted_neighbours": [37], "is_fixed": true, "y": 5.0, "x": 6.0, "z": 0.0, "cx": 0.0, "pz": 0.20833333333333326}, "43": {"cy": 0.0, "p": 0, "sorted_neighbours": [34], "is_fixed": true, "y": 4.0, "x": 4.0, "z": 0.0, "cx": 0.0, "pz": 0.25}, "44": {"cy": 0.0, "p": 0, "sorted_neighbours": [25], "is_fixed": true, "y": 7.0, "x": 0.0, "z": 0.0, "cx": 0.0, "pz": 0.25}}, "edge": {"0": {"1": {"is_symmetry": true, "q": 0.0, "f": 0.0, "l": 0.0, "is_ind": false, "is_element": false, "is_reaction": false, "is_load": false}, "6": {"is_symmetry": false, "q": 0.21377768739911235, "f": 0.0, "l": 0.0, "is_ind": false, "is_element": false, "is_reaction": false, "is_load": false}, "10": {"is_symmetry": false, "q": 1.185580877604923, "f": 0.0, "l": 0.0, "is_ind": false, "is_element": false, "is_reaction": false, "is_load": false}}, "1": {}, "2": {"3": {"is_symmetry": false, "q": 0.7468751808657189, "f": 0.0, "l": 0.0, "is_ind": false, "is_element": false, "is_reaction": false, "is_load": false}, "20": {"is_symmetry": false, "q": 2.0822097304945744, "f": 0.0, "l": 0.0, "is_ind": false, "is_element": false, "is_reaction": false, "is_load": false}}, "3": {"35": {"is_symmetry": false, "q": 0.7468751808657181, "f": 0.0, "l": 0.0, "is_ind": false, "is_element": false, "is_reaction": false, "is_load": false}, "27": {"is_symmetry": false, "q": 1.3894731755667975, "f": 0.0, "l": 0.0, "is_ind": false, "is_element": false, "is_reaction": false, "is_load": false}}, "4": {"5": {"is_symmetry": true, "q": 0.0, "f": 0.0, "l": 0.0, "is_ind": false,