{"attributes": {"name": "FormDiagram", "color.vertex": [255, 255, 255], "color.edge": [0, 0, 0], "color.face": [0, 255, 255], "color.vertex:is_fixed": [255, 0, 0], "indset": "0.500,5.000,0.000-0.500,6.000,0.000-0.500,7.000,0.000-0.500,8.000,0.000-1.000,9.500,0.000-1.500,9.000,0.000-2.000,9.500,0.000-3.000,7.500,0.000-4.000,7.500,0.000-5.000,6.500,0.000", "loadpath": 112.35835364138313}, "dva": {"x": 0.0, "y": 0.0, "z": 0.0, "is_fixed": false, "cx": 0.0, "cy": 0.0}, "dea": {"q": 1.0, "f": 0.0, "l": 0.0, "is_ind": false, "is_element": false, "is_reaction": false, "is_load": false, "is_symmetry": false}, "dfa": {}, "vertex": {"0": {"is_roller": false, "cx": 0.0, "cy": 0.0, "is_fixed": false, "pz": 1.0, "z": 2.9154956387970627, "y": 8.0, "x": 4.0, "sorted_neighbours": [31, 28, 37, 33], "lb": 0, "ub": 20}, "1": {"is_roller": false, "cx": 0.0, "cy": 0.0, "is_fixed": false, "pz": 1.0, "z": 1.7033303394912502, "y": 9.0, "x": 4.0, "sorted_neighbours": [23, 35, 9, 40], "lb": 0, "ub": 20}, "2": {"is_roller": false, "cx": 0.0, "cy": 0.0, "is_fixed": false, "pz": 0.5, "z": 2.878513098822781, "y": 5.0, "x": 2.0, "sorted_neighbours": [30, 25, 5, 27], "lb": 0, "ub": 20}, "3": {"is_roller": false, "cx": 0.0, "cy": 0.0, "is_fixed": false, "pz": 0.5, "z": 3.657470288638205, "y": 5.0, "x": 3.0, "sorted_neighbours": [21, 15, 43, 34], "lb": 0, "ub": 20}, "4": {"is_roller": false, "cx": 0.0, "cy": 0.0, "is_fixed": false, "pz": 1.0, "z": 3.6356722448883825, "y": 6.0, "x": 3.0, "sorted_neighbours": [25, 29, 1, 5], "lb": 0, "ub": 20}, "5": {"is_roller": false, "cx": 0.0, "cy": 0.0, "is_fixed": false, "pz": 0.25, "z": 4.145672957129373, "y": 5.0, "x": 5.0, "sorted_neighbours": [8, 36, 15, 16], "lb": 0, "ub": 20}, "6": {"is_roller": false, "cx": 0.0, "cy": 0.0, "is_fixed": true, "pz": 0.20833333333333326, "z": 0.0, "y": 4.0, "x": 5.0, "sorted_neighbours": [18], "lb": 0, "ub": 20}, "7": {"is_roller": false, "cx": 0.0, "cy": 0.0, "is_fixed": false, "pz": 0.5, "z": 2.8785130126990115, "y": 8.0, "x": 5.0, "sorted_neighbours": [17, 35, 23, 38], "lb": 0, "ub": 20}, "8": {"is_roller": false, "cx": 0.0, "cy": 0.0, "is_fixed": true, "pz": 0.25, "z": 0.0, "y": 8.0, "x": 6.0, "sorted_neighbours": [31], "lb": 0, "ub": 20}, "9": {"is_roller": false, "cx": 0.0, "cy": 0.0, "is_fixed": false, "pz": 0.5, "z": 1.6545240029720902, "y": 9.0, "x": 5.0, "sorted_neighbours": [28, 31, 19, 13], "lb": 0, "ub": 20}, "10": {"is_roller": false, "cx": 0.0, "cy": 0.0, "is_fixed": true, "pz": 0.20833333333333348, "z": 0.0, "y": 9.0, "x": 6.0, "sorted_neighbours": [35], "lb": 0, "ub": 20}, "11": {"is_roller": false, "cx": 0.0, "cy": 0.0, "is_fixed": false, "pz": 1.0, "z": 2.985176758261529, "y": 8.0, "x": 3.0, "sorted_neighbours": [0, 1, 23, 40], "lb": 0, "ub": 20}, "12": {"is_roller": false, "cx": 0.0, "cy": 0.0, "is_fixed": false, "pz": 1.0, "z": 1.858353112511987, "y": 9.0, "x": 3.0, "sorted_neighbours": [4, 37, 28, 32], "lb": 0, "ub": 20}, "13": {"is_roller": false, "cx": 0.0, "cy": 0.0, "is_fixed": false, "pz": 0.5, "z": 4.040239463432711, "y": 5.0, "x": 4.0, "sorted_neighbours": [12, 18, 29, 25], "lb": 0, "ub": 20}, "14": {"is_roller": false, "cx": 0.0, "cy": 0.0, "is_fixed": false, "pz": 1.0, "z": 3.9580206630449712, "y": 6.0, "x": 4.0, "sorted_neighbours": [43, 15, 36, 33], "lb": 0, "ub": 20}, "15": {"is_roller": false, "cx": 0.0, "cy": 0.0, "is_fixed": false, "pz": 1.0, "z": 3.6356727645100353, "y": 7.0, "x": 4.0, "sorted_neighbours": [23, 1, 29, 38], "lb": 0, "ub": 20}, "16": {"is_roller": false, "cx": 0.0, "cy": 0.0, "is_fixed": false, "pz": 1.0, "z": 2.9154946048388597, "y": 6.0, "x": 2.0, "sorted_neighbours": [44, 34, 43, 6], "lb": 0, "ub": 20}, "17": {"is_roller": false, "cx": 0.0, "cy": 0.0, "is_fixed": false, "pz": 1.0, "z": 2.985176655467038, "y": 7.0, "x": 2.0, "sorted_neighbours": [1, 0, 3, 5], "lb": 0, "ub": 20}, "18": {"is_roller": false, "cx": 0.0, "cy": 0.0, "is_fixed": false, "pz": 1.0, "z": 3.4903488577669055, "y": 7.0, "x": 3.0, "sorted_neighbours": [37, 6, 43, 33], "lb": 0, "ub": 20}, "19": {"is_roller": false, "cx": 0.0, "cy": 0.0, "is_fixed": false, "pz": 0.5, "z": 1.6545239445957112, "y": 5.0, "x": 1.0, "sorted_neighbours": [44, 2, 22, 34], "lb": 0, "ub": 20}, "20": {"is_roller": false, "cx": 0.0, "cy": 0.0, "is_fixed": true, "pz": 0.25, "z": 0.0, "y": 4.0, "x": 4.0, "sorted_neighbours": [15], "lb": 0, "ub": 20}, "21": {"is_roller": false, "cx": 0.0, "cy": 0.0, "is_fixed": false, "pz": 1.0, "z": 2.090280247216361, "y": 8.0, "x": 1.0, "sorted_neighbours": [0, 42, 7, 3], "lb": 0, "ub": 20}, "22": {"is_roller": false, "cx": 0.0, "cy": 0.0, "is_fixed": false, "pz": 1.0, "z": 2.8724564027138415, "y": 8.0, "x": 2.0, "sorted_neighbours": [37, 4, 39, 6], "lb": 0, "ub": 20}, "23": {"is_roller": false, "cx": 0.0, "cy": 0.0, "is_fixed": true, "pz": 0.25, "z": 0.0, "y": 10.0, "x": 3.0, "sorted_neighbours": [40], "lb": 0, "ub": 20}, "24": {"is_roller": false, "cx": 0.0, "cy": 0.0, "is_fixed": false, "pz": 0.5, "z": 3.6574701442654542, "y": 7.0, "x": 5.0, "sorted_neighbours": [31, 33, 36, 24], "lb": 0, "ub": 20}, "25": {"is_roller": false, "cx": 0.0, "cy": 0.0, "is_fixed": true, "pz": 0.20833333333333326, "z": 0.0, "y": 10.0, "x": 5.0, "sorted_neighbours": [35], "lb": 0, "ub": 20}, "26": {"is_roller": false, "cx": 0.0, "cy": 0.0, "is_fixed": false, "pz": 1.0, "z": 2.0902802893311487, "y": 9.0, "x": 2.0, "sorted_neighbours": [42, 0, 40, 41], "lb": 0, "ub": 20}, "27": {"is_roller": false, "cx": 0.0, "cy": 0.0, "is_fixed": false, "pz": 1.0, "z": 1.703328995158389, "y": 6.0, "x": 1.0, "sorted_neighbours": [5, 3, 11, 27], "lb": 0, "ub": 20}, "28": {"is_roller": false, "cx": 0.0, "cy": 0.0, "is_fixed": false, "pz": 1.0, "z": 1.8583527306079153, "y": 7.0, "x": 1.0, "sorted_neighbours": [39, 14, 44, 6], "lb": 0, "ub": 20}, "29": {"is_roller": false, "cx": 0.0, "cy": 0.0, "is_fixed": true, "pz": 0.20833333333333348, "z": 0.0, "y": 9.0, "x": 0.0, "sorted_neighbours": [42], "lb": 0, "ub": 20}, "30": {"is_roller": false, "cx": 0.0, "cy": 0.0, "is_fixed": false, "pz": 1.0, "z": 2.2145756699948245, "y": 9.0, "x": 1.0, "sorted_neighbours": [10, 39, 4, 26], "lb": 0, "ub": 20}, "31": {"is_roller": false, "cx": 0.0, "cy": 0.0, "is_fixed": true, "pz": 0.25, "z": 0.0, "y": 8.0, "x": 0.0, "sorted_neighbours": [39], "lb": 0, "ub": 20}, "32": {"is_roller": false, "cx": 0.0, "cy": 0.0, "is_fixed": true, "pz": 0.25, "z": 0.0, "y": 10.0, "x": 2.0, "sorted_neighbours": [4], "lb": 0, "ub": 20}, "33": {"is_roller": false, "cx": 0.0, "cy": 0.0, "is_fixed": false, "pz": 0.5, "z": 4.040239214010126, "y": 6.0, "x": 5.0, "sorted_neighbours": [38, 29, 18, 20], "lb": 0, "ub": 20}, "34": {"is_roller": false, "cx": 0.0, "cy": 0.0, "is_fixed": true, "pz": 0.25, "z": 0.0, "y": 10.0, "x": 4.0, "sorted_neighbours": [28], "lb": 0, "ub": 20}, "35": {"is_roller": false, "cx": 0.0, "cy": 0.0, "is_fixed": true, "pz": 0.25, "z": 0.0, "y": 7.0, "x": 0.0, "sorted_neighbours": [3], "lb": 0, "ub": 20}, "36": {"is_roller": false, "cx": 0.0, "cy": 0.0, "is_fixed": true, "pz": 0.20833333333333326, "z": 0.0, "y": 5.0, "x": 6.0, "sorted_neighbours": [18], "lb": 0, "ub": 20}, "37": {"is_roller": false, "cx": 0.0, "cy": 0.0, "is_fixed": true, "pz": 0.20833333333333326, "z": 0.0, "y": 5.0, "x": 0.0, "sorted_neighbours": [27], "lb": 0, "ub": 20}, "38": {"is_roller": false, "cx": 0.0, "cy": 0.0, "is_fixed": true, "pz": 0.25, "z": 0.0, "y": 6.0, "x": 6.0, "sorted_neighbours": [36], "lb": 0, "ub": 20}, "39": {"is_roller": false, "cx": 0.0, "cy": 0.0, "is_fixed": true, "pz": 0.20833333333333334, "z": 0.0, "y": 4.0, "x": 1.0, "sorted_neighbours": [27], "lb": 0, "ub": 20}, "40": {"is_roller": false, "cx": 0.0, "cy": 0.0, "is_fixed": true, "pz": 0.25, "z": 0.0, "y": 6.0, "x": 0.0, "sorted_neighbours": [44], "lb": 0, "ub": 20}, "41": {"is_roller": false, "cx": 0.0, "cy": 0.0, "is_fixed": true, "pz": 0.25, "z": 0.0, "y": 4.0, "x": 3.0, "sorted_neighbours": [25], "lb": 0, "ub": 20}, "42": {"is_roller": false, "cx": 0.0, "cy": 0.0, "is_fixed": true,