{"dea": {"force": 0.0, "lmax": 10000000.0, "l": 0.0, "lmin": 9.9999999999999995e-08}, "dfa": {}, "vertex": {"1": {"z": 0.0, "is_anchor": false, "y": -8.8947729958361847, "x": 27.631092859582978}, "0": {"z": 0.0, "is_anchor": true, "y": -9.5287475920517473, "x": 27.997118263367419}, "2": {"z": 0.0, "is_anchor": false, "y": -8.5287475920517455, "x": 27.997118263367415}}, "face": {"1": ["2", "0", "1"]}, "facedata": {"1": {}}, "attributes": {"name": "ForceDiagram", "color.face": [0, 255, 255], "color.edge": [200, 200, 200], "color.vertex": [255, 255, 255]}, "max_int_fkey": 1, "max_int_key": 2, "edgedata": {"(0, 1)": {"force": 0.72999999999999998}, "(0, 2)": {"force": 1.0}, "(1, 2)": {"force": 0.52000000000000002}}, "dva": {"is_anchor": false, "is_fixed": false, "y": 0.0, "x": 0.0, "z": 0.0, "is_param": false}}