{"dea": {"is_element": false, "f": 0.0, "is_edge": true, "l": 0.0, "q": 1.0, "is_load": false, "is_reaction": false, "is_ind": false}, "dfa": {}, "vertex": {"1": {"z": 0.0, "is_fixed": true, "y": 0.0, "x": 0.0}, "0": {"z": 0.0, "y": -10.0, "x": 0.0}, "3": {"z": 0.0, "y": 7.0710678118654817, "x": 7.0710678118654817}, "2": {"z": 0.0, "y": 8.6602540378443962, "x": -5.0000000000000044}}, "face": {"1": ["2", "1", "3"], "0": ["0", "1", "2"], "2": ["3", "1", "0"]}, "facedata": {"1": {}, "0": {}, "2": {}}, "attributes": {"color.face": [0, 255, 255], "name": "FormDiagram", "color.vertex:is_fixed": [255, 0, 0], "color.vertex": [255, 255, 255], "color.edge": [0, 0, 0]}, "max_int_fkey": 2, "max_int_key": 3, "edgedata": {"(1, 0)": {"l": 10.0, "f": 1.0, "is_ind": true, "q": 0.10000000000000001}, "(1, 3)": {"l": 10.000000000000009, "f": 0.51763809020504148, "q": 0.051763809020504099}, "(1, 2)": {"l": 10.000000000000011, "f": 0.7320508075688773, "q": 0.073205080756887655}, "(3, 0)": {"is_edge": false}, "(2, 0)": {"is_edge": false}, "(3, 2)": {"is_edge": false}, "(2, 3)": {"is_edge": false}, "(0, 1)": {"is_ind": true, "q": 0.10000000000000001}, "(0, 3)": {"is_edge": false}, "(0, 2)": {"is_edge": false}}, "dva": {"cy": 0.0, "is_fixed": false, "y": 0.0, "x": 0.0, "z": 0.0, "cx": 0.0}}