{"dea": {"is_element": false, "f": 0.0, "is_edge": true, "l": 0.0, "q": 1.0, "is_load": false, "is_reaction": false, "is_ind": false}, "dfa": {}, "vertex": {"1": {"z": 0.0, "y": 5.0, "x": 8.6602540378443909}, "0": {"z": 0.0, "y": -10.0, "x": 0.0}, "3": {"z": 0.0, "y": 7.0710678118654684, "x": -7.0710678118654773}, "2": {"z": 0.0, "is_fixed": true, "y": 0.0, "x": 0.0}}, "face": {"1": ["3", "2", "1"], "0": ["0", "2", "3"], "2": ["1", "2", "0"]}, "facedata": {"1": {}, "0": {}, "2": {}}, "attributes": {"color.face": [0, 255, 255], "name": "FormDiagram", "color.vertex:is_fixed": [255, 0, 0], "color.vertex": [255, 255, 255], "color.edge": [0, 0, 0]}, "max_int_fkey": 2, "max_int_key": 3, "edgedata": {"(1, 0)": {"is_edge": false}, "(1, 3)": {"is_edge": false}, "(1, 2)": {"l": 10.000000000000004, "f": 0.81649658092772648, "q": 0.081649658092772623}, "(3, 1)": {"is_edge": false}, "(3, 0)": {"is_edge": false}, "(2, 3)": {"is_ind": true, "q": 0.10000000000000003}, "(3, 2)": {"l": 9.9999999999999964, "f": 1.0, "is_ind": true, "q": 0.10000000000000003}, "(0, 1)": {"is_edge": false}, "(0, 3)": {"is_edge": false}, "(0, 2)": {"l": 10.0, "f": 1.1153550716504101, "q": 0.11153550716504101}}, "dva": {"cy": 0.0, "is_fixed": false, "y": 0.0, "x": 0.0, "z": 0.0, "cx": 0.0}}