{"dea": {"force": 0.0, "lmax": 10000000.0, "l": 0.0, "lmin": 9.9999999999999995e-08}, "dfa": {}, "vertex": {"1": {"z": 0.0, "is_anchor": false, "y": -3.5261603492154467, "x": 25.192566281165554}, "0": {"z": 0.0, "is_anchor": true, "y": -4.2332671304019938, "x": 25.8996730623521}, "2": {"z": 0.0, "is_anchor": false, "y": -3.1179120587515836, "x": 25.899673062352104}}, "face": {"2": ["2", "0", "1"]}, "facedata": {"2": {}}, "attributes": {"name": "ForceDiagram", "color.face": [0, 255, 255], "color.edge": [200, 200, 200], "color.vertex": [255, 255, 255]}, "max_int_fkey": 2, "max_int_key": 2, "edgedata": {"(0, 1)": {"force": 1.0}, "(0, 2)": {"force": 1.1200000000000001}, "(1, 2)": {"force": 0.81999999999999995}}, "dva": {"is_anchor": false, "is_fixed": false, "y": 0.0, "x": 0.0, "z": 0.0, "is_param": false}}