{"dea": {"is_element": false, "f": 0.0, "is_edge": true, "l": 0.0, "q": 1.0, "is_load": false, "is_reaction": false, "is_ind": false}, "dfa": {}, "vertex": {"14": {"z": 0.0, "is_fixed": true, "y": 0.0, "x": 0.0}, "12": {"z": 0.0, "y": 0.0, "x": 110.0}, "5": {"z": 0.0, "y": -10.0, "x": 100.0}, "4": {"z": 0.0, "y": 29.737485477064482, "x": 66.666666666666671}, "7": {"z": 0.0, "y": 19.737485477064482, "x": 66.666666666666671}, "6": {"z": 0.0, "y": 19.737485477064496, "x": 33.333333333333336}, "1": {"z": 0.0, "y": 22.067222981997091, "x": 50.0}, "0": {"z": 0.0, "y": 22.567350400870382, "x": 16.666666666666671}, "3": {"z": 0.0, "y": 0.0, "x": -10.0}, "2": {"z": 0.0, "is_fixed": true, "y": 0.0, "x": 100.0}, "10": {"z": 0.0, "y": -10.0, "x": 0.0}, "13": {"z": 0.0, "y": 32.067222981997091, "x": 50.0}, "15": {"z": 0.0, "y": 29.737485477064496, "x": 33.333333333333336}, "11": {"z": 0.0, "y": 22.567350400870382, "x": 83.333333333333329}, "9": {"z": 0.0, "y": 12.567350400870382, "x": 16.666666666666671}, "8": {"z": 0.0, "y": 12.567350400870382, "x": 83.333333333333329}}, "face": {"5": ["4", "7", "8", "11"], "4": ["13", "1", "7", "4"], "7": ["12", "2", "5"], "6": ["11", "8", "2", "12"], "1": ["3", "14", "9", "0"], "0": ["10", "14", "3"], "3": ["15", "6", "1", "13"], "2": ["0", "9", "6", "15"], "8": ["5", "2", "8", "7", "1", "6", "9", "14", "10"]}, "facedata": {"5": {}, "4": {}, "7": {}, "6": {}, "1": {}, "0": {}, "3": {}, "2": {}, "8": {}}, "attributes": {"color.face": [0, 255, 255], "name": "FormDiagram", "color.vertex:is_fixed": [255, 0, 0], "color.vertex": [255, 255, 255], "color.edge": [0, 0, 0]}, "max_int_fkey": 8, "max_int_key": 15, "edgedata": {"(1, 13)": {"l": 10.0, "f": 0.22322107535616265, "q": 0.022322107535616264}, "(0, 3)": {"is_edge": false}, "(11, 8)": {"l": 10.0, "f": 0.25856393824459029, "q": 0.025856393824459027}, "(10, 14)": {}, "(0, 9)": {"l": 10.0, "f": 0.25856393824458984, "q": 0.025856393824458986}, "(3, 14)": {}, "(5, 2)": {"l": 10.0, "f": 0.60206299313131062, "q": 0.060206299313131061}, "(6, 15)": {"l": 10.0, "f": 0.23188851720863976, "q": 0.023188851720863976}, "(14, 3)": {"l": 10.0, "f": 0.79844859089472231, "q": 0.079844859089472225}, "(9, 14)": {"is_ind": true, "q": 0.047906915453683321}, "(3, 0)": {"is_edge": false}, "(12, 5)": {"is_edge": false}, "(11, 12)": {"is_edge": false}, "(4, 11)": {"is_edge": false}, "(4, 7)": {"l": 10.0, "f": 0.23188851720863857, "q": 0.023188851720863858}, "(12, 2)": {"l": 10.0, "f": 0.79844859089472231, "q": 0.079844859089472225}, "(12, 11)": {"is_edge": false}, "(2, 5)": {}, "(15, 0)": {"is_edge": false}, "(2, 8)": {"l": 20.873813112990039, "f": 1.0, "q": 0.047906915453683321}, "(11, 4)": {"is_edge": false}, "(8, 11)": {}, "(7, 1)": {"l": 16.8287092380749, "f": 0.80621155066307371, "q": 0.047906915453683321}, "(13, 15)": {"is_edge": false}, "(5, 10)": {"is_edge": false}, "(14, 10)": {"l": 10.0, "f": 0.60206299313131062, "q": 0.060206299313131061}, "(7, 8)": {"l": 18.143555737193481, "f": 0.86920179073091963, "q": 0.047906915453683356}, "(4, 13)": {"is_edge": false}, "(3, 10)": {"is_edge": false}, "(0, 15)": {"is_edge": false}, "(6, 1)": {"l": 16.828709238074893, "f": 0.80621155066307371, "q": 0.047906915453683342}, "(15, 13)": {"is_edge": false}, "(10, 3)": {"is_edge": false}, "(5, 12)": {"is_edge": false}, "(6, 9)": {"l": 18.143555737193491, "f": 0.86920179073091997, "q": 0.047906915453683342}, "(13, 4)": {"is_edge": false}, "(2, 12)": {}, "(1, 7)": {}, "(1, 6)": {}, "(10, 5)": {"is_edge": false}, "(14, 9)": {"l": 20.873813112990039, "f": 1.0, "is_ind": true, "q": 0.047906915453683321}}, "dva": {"cy": 0.0, "is_fixed": false, "y": 0.0, "x": 0.0, "z": 0.0, "cx": 0.0}}