{"dea": {"force": 0.0, "lmax": 10000000.0, "l": 0.0, "lmin": 9.9999999999999995e-08}, "dfa": {}, "vertex": {"5": {"z": 0.0, "is_anchor": false, "y": -9.2762289732534988, "x": 171.43617023044635}, "4": {"z": 0.0, "is_anchor": false, "y": -9.5081174904621371, "x": 171.43617023044635}, "7": {"z": 0.0, "is_anchor": false, "y": -9.0176650350089087, "x": 172.23461882134109}, "6": {"z": 0.0, "is_anchor": false, "y": -9.0176650350089087, "x": 171.43617023044635}, "1": {"z": 0.0, "is_anchor": false, "y": -10.22179102127153, "x": 171.43617023044635}, "0": {"z": 0.0, "is_anchor": true, "y": -10.221791021271526, "x": 172.23461882134106}, "3": {"z": 0.0, "is_anchor": false, "y": -9.7313385658183016, "x": 171.43617023044635}, "2": {"z": 0.0, "is_anchor": false, "y": -9.9632270830269398, "x": 171.43617023044638}, "8": {"z": 0.0, "is_anchor": false, "y": -9.6197280281402193, "x": 172.23461882134109}}, "face": {"14": ["1", "8", "0"], "7": ["8", "4", "5"], "6": ["2", "3", "8"], "1": ["3", "4", "8"], "2": ["8", "6", "7"], "9": ["8", "1", "2"], "8": ["8", "5", "6"]}, "facedata": {"14": {}, "7": {}, "6": {}, "1": {}, "2": {}, "9": {}, "8": {}}, "attributes": {"name": "ForceDiagram", "color.face": [0, 255, 255], "color.edge": [200, 200, 200], "color.vertex": [255, 255, 255]}, "max_int_fkey": 14, "max_int_key": 8, "edgedata": {"(1, 2)": {"force": 0.26000000000000001}, "(4, 5)": {"force": 0.23000000000000001}, "(2, 3)": {"force": 0.23000000000000001}, "(5, 6)": {"force": 0.26000000000000001}, "(0, 1)": {"force": 0.80000000000000004}, "(1, 8)": {"force": 1.0}, "(5, 8)": {"force": 0.87}, "(6, 7)": {"force": 0.80000000000000004}, "(3, 8)": {"force": 0.81000000000000005}, "(7, 8)": {"force": 0.59999999999999998}, "(2, 8)": {"force": 0.87}, "(6, 8)": {"force": 1.0}, "(3, 4)": {"force": 0.22}, "(0, 8)": {"force": 0.59999999999999998}, "(4, 8)": {"force": 0.81000000000000005}}, "dva": {"is_anchor": false, "is_fixed": false, "y": 0.0, "x": 0.0, "z": 0.0, "is_param": false}}