{"attributes": {"name": "Network", "color.edge": null, "color.vertex": null, "color.face": null}, "dva": {"y": 0.0, "x": 0.0, "z": 0.0}, "dea": {}, "vertex": {"7": {"pz": 0.69595439018451899, "z": 0.0, "y": 8.015988595510546, "x": 0.98104959244681034, "sorted_neighbours": [71, 51, 8, 38]}, "6": {"pz": 1.3333333333333337, "z": 0.0, "y": 6.999999999999999, "x": 6.999999999999999, "sorted_neighbours": [30, 25, 82, 2, 12, 86, 77, 19]}, "5": {"pz": 1.333333333333334, "z": 0.0, "y": 3.0, "x": 7.0, "sorted_neighbours": [1, 11, 85, 75, 41, 54, 44, 81]}, "4": {"pz": 1.5519754472422898, "z": 0.0, "y": 1.0, "x": 3.0000000000000018, "sorted_neighbours": [70, 29, 18, 31, 52]}, "3": {"pz": 0.49487468016157599, "z": 0.0, "y": 0.0, "x": 8.0, "sorted_neighbours": [27]}, "2": {"pz": 1.3909810741415378, "z": 0.0, "y": 7.999999999999998, "x": 8.0, "sorted_neighbours": [61, 12, 6, 82, 0, 48, 56, 13]}, "1": {"pz": 1.5238095238095237, "z": 0.0, "y": 4.0, "x": 8.0, "sorted_neighbours": [60, 11, 5, 81, 88]}, "0": {"pz": 1.5519754472422893, "z": 0.0, "y": 6.999999999999998, "x": 9.0, "sorted_neighbours": [28, 48, 2, 82, 25]}, "76": {"pz": 0.13861462731329255, "z": 0.0, "y": 0.97329551362507849, "x": 8.97440493166939, "sorted_neighbours": [69]}, "66": {"pz": 0.66666666666666652, "z": 0.0, "y": 7.999999999999998, "x": 3.0, "sorted_neighbours": [58, 23, 36, 51]}, "56": {"pz": 0.13190767084352206, "z": 0.0, "y": 8.999999999999998, "x": 9.0, "sorted_neighbours": [2]}, "46": {"pz": 0.66666666666666674, "z": 0.0, "y": 7.0, "x": 2.0000000000000018, "sorted_neighbours": [51, 71, 83, 58]}, "36": {"pz": 1.5519754472422909, "z": 0.0, "y": 8.999999999999998, "x": 3.0000000000000018, "sorted_neighbours": [84, 67, 51, 66, 23]}, "26": {"pz": 0.13861462731329213, "z": 0.0, "y": 1.0255950683306097, "x": 9.026704486374921, "sorted_neighbours": [62]}, "9": {"pz": 0.13843022322355555, "z": 0.0, "y": 1.9658423348984062, "x": 9.97034382761659, "sorted_neighbours": [62]}, "8": {"pz": 0.13861462731329249, "z": 0.0, "y": 8.974404931669389, "x": 0.97329551362508049, "sorted_neighbours": [7]}, "16": {"pz": 0.66666666666666585, "z": 0.0, "y": 3.0, "x": 4.000000000000003, "sorted_neighbours": [22, 59, 70, 33]}, "86": {"pz": 1.5238095238095246, "z": 0.0, "y": 7.999999999999998, "x": 6.0, "sorted_neighbours": [34, 77, 6, 12, 61]}, "78": {"pz": 0.13843022322355558, "z": 0.0, "y": 9.970343827616588, "x": 1.965842334898408, "sorted_neighbours": [67]}, "68": {"pz": 0.13861462731329258, "z": 0.0, "y": 9.02670448637492, "x": 1.0255950683306114, "sorted_neighbours": [67]}, "58": {"pz": 1.3333333333333333, "z": 0.0, "y": 6.999999999999997, "x": 3.000000000000001, "sorted_neighbours": [10, 42, 17, 23, 66, 51, 46, 83]}, "48": {"pz": 0.69595439018451855, "z": 0.0, "y": 8.015988595510546, "x": 9.018950407553191, "sorted_neighbours": [2, 0, 39, 20]}, "73": {"pz": 0.49487468016157582, "z": 0.0, "y": 7.999999999999998, "x": 1.7763568394002505e-15, "sorted_neighbours": [71]}, "63": {"pz": 0.49487468016157643, "z": 0.0, "y": 9.999999999999998, "x": 8.0, "sorted_neighbours": [61]}, "53": {"pz": 1.5238095238095237, "z": 0.0, "y": 4.0, "x": 2.0000000000000018, "sorted_neighbours": [72, 47, 59, 65, 35]}, "43": {"pz": 0.13861462731329255, "z": 0.0, "y": 1.0255950683306097, "x": 0.97329551362508027, "sorted_neighbours": [50]}, "33": {"pz": 1.857142857142855, "z": 0.0, "y": 3.0, "x": 5.0, "sorted_neighbours": [41, 75, 85, 40, 22, 16, 70]}, "23": {"pz": 1.5238095238095242, "z": 0.0, "y": 7.999999999999998, "x": 4.000000000000002, "sorted_neighbours": [36, 66, 58, 17, 34]}, "13": {"pz": 0.69595439018451832, "z": 0.0, "y": 9.01895040755319, "x": 8.015988595510548, "sorted_neighbours": [2, 55, 74, 61]}, "18": {"pz": 1.3909810741415367, "z": 0.0, "y": 2.0, "x": 2.0000000000000018, "sorted_neighbours": [31, 4, 29, 59, 47, 72, 50, 15]}, "28": {"pz": 0.49487468016157599, "z": 0.0, "y": 7.999999999999998, "x": 10.0, "sorted_neighbours": [0]}, "38": {"pz": 0.13843022322355572, "z": 0.0, "y": 8.034157665101592, "x": 0.029656172383411672, "sorted_neighbours": [7]}, "88": {"pz": 1.5519754472422893, "z": 0.0, "y": 3.0, "x": 9.0, "sorted_neighbours": [1, 81, 44, 62, 21]}, "83": {"pz": 1.5238095238095235, "z": 0.0, "y": 5.999999999999998, "x": 2.0000000000000018, "sorted_neighbours": [35, 10, 58, 46, 71]}, "70": {"pz": 1.5238095238095226, "z": 0.0, "y": 2.0, "x": 4.000000000000002, "sorted_neighbours": [33, 16, 59, 29, 4]}, "60": {"pz": 1.8571428571428545, "z": 0.0, "y": 5.0, "x": 7.0, "sorted_neighbours": [11, 1, 25, 30, 19, 49, 85]}, "50": {"pz": 0.6959543901845191, "z": 0.0, "y": 1.9840114044894524, "x": 0.98104959244681078, "sorted_neighbours": [72, 57, 43, 18]}, "40": {"pz": 0.6666666666666653, "z": 0.0, "y": 3.999999999999999, "x": 5.000000000000001, "sorted_neighbours": [85, 14, 22, 33]}, "30": {"pz": 0.66666666666666619, "z": 0.0, "y": 5.999999999999998, "x": 7.0, "sorted_neighbours": [19, 60, 25, 6]}, "20": {"pz": 0.13861462731329255, "z": 0.0, "y": 8.974404931669389, "x": 9.026704486374921, "sorted_neighbours": [48]}, "10": {"pz": 0.66666666666666674, "z": 0.0, "y": 5.999999999999997, "x": 3.0000000000000018, "sorted_neighbours": [35, 42, 58, 83]}, "80": {"pz": 0.13861462731329249, "z": 0.0, "y": 0.97329551362507871, "x": 1.0255950683306114, "sorted_neighbours": [31]}, "75": {"pz": 0.66666666666666652, "z": 0.0, "y": 3.0, "x": 6.0, "sorted_neighbours": [85, 33, 41, 5]}, "65": {"pz": 0.66666666666666674, "z": 0.0, "y": 4.0, "x": 3.0000000000000018, "sorted_neighbours": [59, 22, 35, 53]}, "55": {"pz": 0.13861462731329216, "z": 0.0, "y": 9.02670448637492, "x": 8.97440493166939, "sorted_neighbours": [13]}, "45": {"pz": 0.13190767084352151, "z": 0.0, "y": 8.999999999999998, "x": 1.0000000000000018, "sorted_neighbours": [51]}, "35": {"pz": 1.857142857142855, "z": 0.0, "y": 4.999999999999998, "x": 3.0000000000000018, "sorted_neighbours": [10, 83, 53, 65, 22, 79, 42]}, "25": {"pz": 1.5238095238095233, "z": 0.0, "y": 5.999999999999998, "x": 8.0, "sorted_neighbours": [0, 82, 6, 30, 60]}, "15": {"pz": 0.13190767084352184, "z": 0.0, "y": 1.0, "x": 1.0000000000000018, "sorted_neighbours": [18]}, "85": {"pz": 1.3333333333333324, "z": 0.0, "y": 4.0, "x": 6.0, "sorted_neighbours": [33, 75, 5, 11, 60, 49, 14, 40]}, "72": {"pz": 1.5519754472422898, "z": 0.0, "y": 3.0, "x": 1.0000000000000018, "sorted_neighbours": [37, 50, 18, 47, 53]}, "62": {"pz": 0.69595439018451843, "z": 0.0, "y": 1.9840114044894524, "x": 9.018950407553191, "sorted_neighbours": [44, 26, 9, 88]}, "52": {"pz": 0.4948746801615756, "z": 0.0, "y": 0.0, "x": 2.0000000000000018, "sorted_neighbours": [4]}, "42": {"pz": 1.333333333333333, "z": 0.0, "y": 5.999999999999997, "x": 4.000000000000002, "sorted_neighbours": [35, 79, 14, 64, 34, 17, 58, 10]}, "32": {"pz": 0.13843022322355592, "z": 0.0, "y": 0.029656172383409063, "x": 8.034157665101594, "sorted_neighbours": [69]}, "22": {"pz": 1.3333333333333313, "z": 0.0, "y": 4.0, "x": 4.000000000000003, "sorted_neighbours": [35, 65, 59, 16, 33, 40, 14, 79]}, "12": {"pz": 0.66666666666666585, "z": 0.0, "y": 7.999999999999998, "x": 7.000000000000002, "sorted_neighbours": [86, 6, 2, 61]}, "82": {"pz": 0.66666666666666707, "z": 0.0, "y": 7.0, "x": 8.0, "sorted_neighbours": [25, 0, 2, 6]}, "77": {"pz": 0.66666666666666585, "z": 0.0, "y": 6.999999999999998, "x": 5.999999999999999, "sorted_neighbours": [19, 6, 86, 34]}, "67": {"pz": 0.69595439018451932, "z": 0.0, "y": 9.01895040755319, "x": 1.9840114044894541, "sorted_neighbours": [51, 36, 78, 68]}, "57": {"pz": 0.13843022322355575, "z": 0.0, "y": 1.9658423348984062, "x": 0.029656172383410839, "sorted_neighbours": [50]}, "47": {"pz": 0.66666666666666663, "z": 0.0, "y": 2.9999999999999982, "x": 2.0000000000000018, "sorted_neighbours": [59, 53, 72, 18]}, "37": {"pz": 0.49487468016157576, "z": 0.0, "y": 2.0, "x": 1.7763568394002505e-15, "sorted_neighbours": [72]}, "27": {"pz": 1.5519754472422904, "z": 0.0, "y": 1.0, "x": 7.0, "sorted_neighbours": [3, 69, 44, 54, 41]}, "17": {"pz": 0.66666666666666696,