{"attributes": {"name": "Network", "color.edge": null, "color.vertex": null, "color.face": null}, "dva": {"y": 0.0, "x": 0.0, "z": 0.0}, "dea": {}, "vertex": {"15": {"pz": 1.3636363636363635, "z": 0.0, "y": 0.0, "x": 0.0, "sorted_neighbours": [8]}, "14": {"pz": 2.727272727272727, "z": 0.0, "y": 2.0, "x": 2.0, "sorted_neighbours": [17, 8]}, "13": {"pz": 2.7272727272727275, "z": 0.0, "y": 1.0, "x": 9.0, "sorted_neighbours": [6, 2]}, "12": {"pz": 2.7272727272727275, "z": 0.0, "y": 6.0, "x": 6.0, "sorted_neighbours": [11, 10]}, "11": {"pz": 5.454545454545454, "z": 0.0, "y": 5.0, "x": 5.0, "sorted_neighbours": [16, 7, 3, 12]}, "19": {"pz": 1.3636363636363638, "z": 0.0, "y": 10.0, "x": 10.0, "sorted_neighbours": [4]}, "7": {"pz": 2.727272727272727, "z": 0.0, "y": 4.0, "x": 4.0, "sorted_neighbours": [11, 17]}, "6": {"pz": 1.3636363636363638, "z": 0.0, "y": 0.0, "x": 10.0, "sorted_neighbours": [13]}, "5": {"pz": 2.7272727272727275, "z": 0.0, "y": 3.0, "x": 7.0, "sorted_neighbours": [3, 2]}, "4": {"pz": 2.7272727272727275, "z": 0.0, "y": 9.0, "x": 9.0, "sorted_neighbours": [19, 9]}, "3": {"pz": 2.7272727272727275, "z": 0.0, "y": 4.0, "x": 6.0, "sorted_neighbours": [5, 11]}, "2": {"pz": 2.7272727272727275, "z": 0.0, "y": 2.0, "x": 8.0, "sorted_neighbours": [13, 5]}, "1": {"pz": 2.7272727272727275, "z": 0.0, "y": 7.0, "x": 3.0, "sorted_neighbours": [16, 0]}, "0": {"pz": 2.7272727272727275, "z": 0.0, "y": 8.0, "x": 2.0, "sorted_neighbours": [20, 1]}, "20": {"pz": 2.7272727272727275, "z": 0.0, "y": 9.0, "x": 1.0, "sorted_neighbours": [18, 0]}, "10": {"pz": 2.7272727272727275, "z": 0.0, "y": 7.0, "x": 7.0, "sorted_neighbours": [12, 9]}, "18": {"pz": 1.3636363636363638, "z": 0.0, "y": 10.0, "x": 0.0, "sorted_neighbours": [20]}, "9": {"pz": 2.7272727272727275, "z": 0.0, "y": 8.0, "x": 8.0, "sorted_neighbours": [4, 10]}, "8": {"pz": 2.727272727272727, "z": 0.0, "y": 1.0, "x": 1.0, "sorted_neighbours": [15, 14]}, "17": {"pz": 2.727272727272727, "z": 0.0, "y": 3.0, "x": 3.0, "sorted_neighbours": [7, 14]}, "16": {"pz": 2.7272727272727275, "z": 0.0, "y": 6.0, "x": 4.0, "sorted_neighbours": [11, 1]}}, "edge": {"15": {"8": {}}, "14": {"17": {}}, "13": {"2": {}}, "12": {"11": {}}, "11": {}, "19": {"4": {}}, "7": {"11": {}}, "6": {"13": {}}, "5": {"3": {}}, "4": {"9": {}}, "3": {"11": {}}, "2": {"5": {}}, "1": {"16": {}}, "0": {"1": {}}, "20": {"0": {}}, "10": {"12": {}}, "18": {"20": {}}, "9": {"10": {}}, "8": {"14": {}}, "17": {"7": {}}, "16": {"11": {}}}, "halfedge": {"15": {"8": "None"}, "14": {"8": "None", "17": "None"}, "13": {"6": "None", "2": "None"}, "12": {"10": "None", "11": "None"}, "11": {"16": "None", "3": "None", "12": "None", "7": "None"}, "19": {"4": "None"}, "7": {"17": "None", "11": "None"}, "6": {"13": "None"}, "5": {"3": "None", "2": "None"}, "4": {"19": "None", "9": "None"}, "3": {"5": "None", "11": "None"}, "2": {"5": "None", "13": "None"}, "1": {"16": "None", "0": "None"}, "0": {"20": "None", "1": "None"}, "20": {"18": "None", "0": "None"}, "10": {"12": "None", "9": "None"}, "18": {"20": "None"}, "9": {"10": "None", "4": "None"}, "8": {"14": "None", "15": "None"}, "17": {"14": "None", "7": "None"}, "16": {"1": "None", "11": "None"}}, "max_int_key": 20}