{"attributes": {"name": "Network", "color.edge": null, "color.vertex": null, "color.face": null}, "dva": {"y": 0.0, "x": 0.0, "z": 0.0}, "dea": {}, "vertex": {"55": {"pz": 0.62239364841545108, "z": 0.0, "y": 9.956966558688203, "x": 9.918168780885278, "sorted_neighbours": [52]}, "45": {"pz": 0.63104527748890527, "z": 0.0, "y": 0.02346883026153293, "x": 0.062820581861284197, "sorted_neighbours": [21]}, "35": {"pz": 3.7106870327236754, "z": 0.0, "y": 3.0, "x": 5.0, "sorted_neighbours": [29, 6, 21, 34]}, "25": {"pz": 0.98284129138202436, "z": 0.0, "y": 0.085668846979457591, "x": 0.067906941099305146, "sorted_neighbours": [24]}, "15": {"pz": 1.12844869015899, "z": 0.0, "y": 9.992669741070113, "x": 0.074348998521144294, "sorted_neighbours": [48]}, "54": {"pz": 3.491609480295961, "z": 0.0, "y": 5.0, "x": 9.0, "sorted_neighbours": [1, 4, 13]}, "44": {"pz": 3.726705950555025, "z": 0.0, "y": 5.0, "x": 2.0, "sorted_neighbours": [28, 39, 50, 38]}, "34": {"pz": 0.62465266801797559, "z": 0.0, "y": 0.042221625271646218, "x": 9.928445464331402, "sorted_neighbours": [35]}, "24": {"pz": 4.909498838414967, "z": 0.0, "y": 5.0, "x": 4.0, "sorted_neighbours": [38, 25, 10, 31, 40, 41]}, "14": {"pz": 0.62239364841545086, "z": 0.0, "y": 0.081831219114721243, "x": 9.956966558688203, "sorted_neighbours": [5]}, "53": {"pz": 0.6298266978808883, "z": 0.0, "y": 9.981108091211477, "x": 0.050501859844770597, "sorted_neighbours": [42]}, "43": {"pz": 1.1306575526711553, "z": 0.0, "y": 9.997823827319648, "x": 9.907723239680253, "sorted_neighbours": [48]}, "33": {"pz": 0.63104527748890649, "z": 0.0, "y": 9.976531169738466, "x": 9.937179418138715, "sorted_neighbours": [42]}, "23": {"pz": 0.62982669788089041, "z": 0.0, "y": 0.018891908788523093, "x": 9.94949814015523, "sorted_neighbours": [21]}, "13": {"pz": 3.7267059505550244, "z": 0.0, "y": 5.0, "x": 8.0, "sorted_neighbours": [20, 54, 30, 5]}, "52": {"pz": 3.710687032723676, "z": 0.0, "y": 7.0, "x": 5.0, "sorted_neighbours": [42, 49, 47, 55]}, "42": {"pz": 3.726705950555024, "z": 0.0, "y": 8.0, "x": 5.0, "sorted_neighbours": [53, 52, 33, 48]}, "32": {"pz": 0.98284129138202259, "z": 0.0, "y": 9.932093058900694, "x": 0.085668846979457591, "sorted_neighbours": [47]}, "22": {"pz": 0.62239364841545086, "z": 0.0, "y": 9.918168780885278, "x": 0.043033441311796469, "sorted_neighbours": [38]}, "12": {"pz": 4.909498838414965, "z": 0.0, "y": 5.0, "x": 6.0, "sorted_neighbours": [31, 7, 2, 5, 27, 37]}, "51": {"pz": 1.1284486901589883, "z": 0.0, "y": 0.074348998521144294, "x": 0.0073302589298868265, "sorted_neighbours": [39]}, "41": {"pz": 0.98716734821045327, "z": 0.0, "y": 9.924014258896138, "x": 0.056182174529439022, "sorted_neighbours": [24]}, "31": {"pz": 2.1470987347324666, "z": 0.0, "y": 5.0, "x": 5.0, "sorted_neighbours": [8, 47, 3, 24, 36, 29, 9, 12]}, "21": {"pz": 3.7267059505550253, "z": 0.0, "y": 2.0, "x": 5.0, "sorted_neighbours": [23, 35, 45, 11]}, "11": {"pz": 3.4916094802959585, "z": 0.0, "y": 1.0, "x": 5.0, "sorted_neighbours": [21, 56, 16]}, "29": {"pz": 4.909498838414967, "z": 0.0, "y": 4.0, "x": 5.0, "sorted_neighbours": [35, 26, 7, 31, 10, 17]}, "19": {"pz": 0.62465266801797559, "z": 0.0, "y": 0.071554535668598152, "x": 0.042221625271646218, "sorted_neighbours": [38]}, "39": {"pz": 3.4916094802959585, "z": 0.0, "y": 5.0, "x": 1.0, "sorted_neighbours": [51, 44, 46]}, "49": {"pz": 0.62465266801797603, "z": 0.0, "y": 9.957778374728354, "x": 0.071554535668598152, "sorted_neighbours": [52]}, "50": {"pz": 0.62982669788088996, "z": 0.0, "y": 0.050501859844770597, "x": 0.018891908788523093, "sorted_neighbours": [44]}, "40": {"pz": 1.1724465175330259, "z": 0.0, "y": 5.499975116826594, "x": 4.499975116826594, "sorted_neighbours": [47, 24]}, "7": {"pz": 1.1724465175330254, "z": 0.0, "y": 4.500024883173406, "x": 5.500024883173406, "sorted_neighbours": [12, 29]}, "6": {"pz": 0.62239364841545086, "z": 0.0, "y": 0.043033441311796469, "x": 0.081831219114721243, "sorted_neighbours": [35]}, "5": {"pz": 3.7106870327236754, "z": 0.0, "y": 5.0, "x": 7.0, "sorted_neighbours": [14, 13, 18, 12]}, "4": {"pz": 1.12844869015899, "z": 0.0, "y": 9.925651001478856, "x": 9.992669741070113, "sorted_neighbours": [54]}, "3": {"pz": 4.0980964490344718e-05, "z": 0.0, "y": 9.94055854683662, "x": 0.058949681589532267, "sorted_neighbours": [31]}, "2": {"pz": 0.98716734821045149, "z": 0.0, "y": 0.075985741103861165, "x": 9.943817825470561, "sorted_neighbours": [12]}, "1": {"pz": 1.1306575526711553, "z": 0.0, "y": 0.092276760319746506, "x": 9.997823827319648, "sorted_neighbours": [54]}, "0": {"pz": 0.98716734821045149, "z": 0.0, "y": 9.943817825470561, "x": 9.924014258896138, "sorted_neighbours": [47]}, "20": {"pz": 0.63104527748890638, "z": 0.0, "y": 0.062820581861284197, "x": 9.976531169738466, "sorted_neighbours": [13]}, "10": {"pz": 1.1724465175330256, "z": 0.0, "y": 4.499975116826594, "x": 4.500024883173406, "sorted_neighbours": [24, 29]}, "18": {"pz": 0.62465266801797603, "z": 0.0, "y": 9.928445464331402, "x": 9.957778374728354, "sorted_neighbours": [5]}, "28": {"pz": 0.63104527748890549, "z": 0.0, "y": 9.937179418138715, "x": 0.02346883026153293, "sorted_neighbours": [44]}, "30": {"pz": 0.62982669788088874, "z": 0.0, "y": 9.94949814015523, "x": 9.981108091211477, "sorted_neighbours": [13]}, "38": {"pz": 3.7106870327236754, "z": 0.0, "y": 5.0, "x": 3.0, "sorted_neighbours": [24, 22, 44, 19]}, "9": {"pz": 4.0980964488568361e-05, "z": 0.0, "y": 0.05944145316337951, "x": 9.941050318410468, "sorted_neighbours": [31]}, "8": {"pz": 4.0980964490344718e-05, "z": 0.0, "y": 9.941050318410468, "x": 9.94055854683662, "sorted_neighbours": [31]}, "17": {"pz": 0.98716734821045327, "z": 0.0, "y": 0.056182174529439022, "x": 0.075985741103861165, "sorted_neighbours": [29]}, "27": {"pz": 0.98284129138202303, "z": 0.0, "y": 9.914331153020543, "x": 9.932093058900694, "sorted_neighbours": [12]}, "37": {"pz": 1.1724465175330259, "z": 0.0, "y": 5.500024883173406, "x": 5.499975116826594, "sorted_neighbours": [47, 12]}, "47": {"pz": 4.909498838414965, "z": 0.0, "y": 6.0, "x": 5.0, "sorted_neighbours": [31, 37, 0, 52, 32, 40]}, "48": {"pz": 3.491609480295961, "z": 0.0, "y": 9.0, "x": 5.0, "sorted_neighbours": [15, 42, 43]}, "56": {"pz": 1.1306575526711549, "z": 0.0, "y": 0.0021761726803525422, "x": 0.092276760319746506, "sorted_neighbours": [11]}, "46": {"pz": 1.1306575526711549, "z": 0.0, "y": 9.907723239680253, "x": 0.0021761726803525422, "sorted_neighbours": [39]}, "36": {"pz": 4.0980964486792004e-05, "z": 0.0, "y": 0.058949681589532267, "x": 0.05944145316337951, "sorted_neighbours": [31]}, "26": {"pz": 0.98284129138202481, "z": 0.0, "y": 0.067906941099305146, "x": 9.914331153020543, "sorted_neighbours": [29]}, "16": {"pz": 1.1284486901589883, "z": 0.0, "y": 0.0073302589298868265, "x": 9.925651001478856, "sorted_neighbours": [11]}}, "edge": {"55": {}, "45": {}, "35": {"6": {}, "29": {}, "34": {}}, "25": {}, "15": {"48": {}}, "54": {"1": {}}, "44": {"38": {}, "28": {}, "39": {}}, "34": {}, "24": {"41": {}, "31": {}, "25": {}, "40": {}}, "14": {}, "53": {"42": {}}, "43": {}, "33": {}, "23": {"21": {}}, "13": {"20": {}, "5": {}, "54": {}}, "52": {"55": {}, "49": {}, "47": {}}, "42": {"52": {}, "33": {}, "48": {}}, "32": {}, "22": {}, "12": {"27": {}, "2": {}, "31": {}, "7": {}}, "51": {"39": {}}, "41": {}, "31": {"8": {}, "36": {}, "3": {}, "9": {}}, "21": {"45": {}, "35": {}, "11": {}}, "11": {"56": {}}, "29": {"10": {}, "17": {}, "26": {}, "31": {}}, "19": {}, "39": {"46": {}}, "49": {}, "50": {"44": {}}, "40": {"47": {}}, "7": {"29": {}}, "6": {}, "5": {"14": {}, "18": {}, "12": {}}, "4": {"54": {}}, "3": {}, "2": {}, "1": {}, "0": {}, "20": {}, "10": {"24": {}}, "18": {}, "28": {}, "30": {"13": {}}, "38": {"19": {}, "22": {}, "24": {}}, "9": {}, "8": {}, "17": {}, "27": {}, "37": {"12": {}}, "47": {"37": {}, "32": {}, "31": {}, "0": {}}, "48": {"43": {}}, "56": {}, "46": {}, "36": {}, "26": {}, "16": {"11": {}}}, "halfedge": {"55": {"52": "None"}, "45": {"21": "None"},