{"dea": {"force": 0.0, "lmax": 10000000.0, "l": 0.0, "lmin": 9.9999999999999995e-08}, "dfa": {}, "vertex": {"14": {"z": 0.0, "is_anchor": false, "y": -8.4026477141982685, "x": 183.18091363414149}, "12": {"z": 0.0, "is_anchor": false, "y": 10.951803948162292, "x": 183.14862462158803}, "5": {"z": 0.0, "is_anchor": false, "y": 11.149384246120782, "x": 150.08081160005133}, "4": {"z": 0.0, "is_anchor": false, "y": 1.272273020498595, "x": 150.10810330268325}, "7": {"z": 0.0, "is_anchor": false, "y": 21.263008753668664, "x": 149.98709774989317}, "6": {"z": 0.0, "is_anchor": false, "y": 21.224075769701489, "x": 150.03122550470908}, "1": {"z": 0.0, "is_anchor": false, "y": -28.455545708863841, "x": 150.03122550470917}, "0": {"z": 0.0, "is_anchor": true, "y": -28.494478692831024, "x": 149.98709774989337}, "3": {"z": 0.0, "is_anchor": false, "y": -8.5037429596609382, "x": 150.10810330268328}, "2": {"z": 0.0, "is_anchor": false, "y": -18.380854185283141, "x": 150.08081160005139}, "10": {"z": 0.0, "is_anchor": false, "y": -28.491304248477366, "x": 183.07128579300903}, "13": {"z": 0.0, "is_anchor": false, "y": 21.259834309315018, "x": 183.07128579300903}, "11": {"z": 0.0, "is_anchor": false, "y": 1.1711777750359109, "x": 183.18091363414149}, "9": {"z": 0.0, "is_anchor": false, "y": -18.183273887324642, "x": 183.14862462158803}, "8": {"z": 0.0, "is_anchor": false, "y": -3.6157349695811845, "x": 149.94296999507731}}, "face": {"14": ["8", "14", "11"], "5": ["8", "11", "12"], "15": ["5", "12", "11", "4"], "7": ["8", "13", "6", "7"], "6": ["3", "4", "11", "14"], "1": ["10", "1", "2", "9"], "13": ["9", "2", "3", "14"], "3": ["8", "10", "9"], "20": ["13", "8", "12"], "11": ["14", "8", "9"], "9": ["6", "13", "12", "5"], "8": ["1", "10", "8", "0"]}, "facedata": {"14": {}, "5": {}, "15": {}, "7": {}, "6": {}, "1": {}, "13": {}, "3": {}, "20": {}, "11": {}, "9": {}, "8": {}}, "attributes": {"name": "ForceDiagram", "color.face": [0, 255, 255], "color.edge": [200, 200, 200], "color.vertex": [255, 255, 255]}, "max_int_fkey": 20, "max_int_key": 14, "edgedata": {"(0, 1)": {"force": 0.059999999999999998}, "(8, 10)": {"force": 41.43}, "(0, 8)": {"force": 24.879999999999999}, "(3, 14)": {"force": 33.07}, "(5, 6)": {"force": 10.07}, "(9, 14)": {"force": 9.7799999999999994}, "(11, 14)": {"force": 9.5700000000000003}, "(1, 10)": {"force": 33.039999999999999}, "(3, 4)": {"force": 9.7799999999999994}, "(11, 12)": {"force": 9.7799999999999994}, "(4, 11)": {"force": 33.07}, "(8, 12)": {"force": 36.259999999999998}, "(4, 5)": {"force": 9.8800000000000008}, "(12, 13)": {"force": 10.31}, "(2, 3)": {"force": 9.8800000000000008}, "(6, 13)": {"force": 33.039999999999999}, "(2, 9)": {"force": 33.07}, "(8, 11)": {"force": 33.579999999999998}, "(7, 8)": {"force": 24.879999999999999}, "(8, 14)": {"force": 33.579999999999998}, "(9, 10)": {"force": 10.31}, "(8, 9)": {"force": 36.259999999999998}, "(8, 13)": {"force": 41.43}, "(6, 7)": {"force": 0.059999999999999998}, "(5, 12)": {"force": 33.07}, "(1, 2)": {"force": 10.07}}, "dva": {"is_anchor": false, "is_fixed": false, "y": 0.0, "x": 0.0, "z": 0.0, "is_param": false}}