{"dea": {"force": 0.0, "lmax": 10000000.0, "l": 0.0, "lmin": 9.9999999999999995e-08}, "dfa": {}, "vertex": {"14": {"z": 0.0, "is_anchor": false, "y": -20.323189202024899, "x": 163.27741468723573}, "12": {"z": 0.0, "is_anchor": false, "y": -12.764020182221991, "x": 163.27741468723571}, "5": {"z": 0.0, "is_anchor": false, "y": -12.764020182222, "x": 150.01553677738414}, "4": {"z": 0.0, "is_anchor": false, "y": -16.615585879734688, "x": 150.01553677738414}, "7": {"z": 0.0, "is_anchor": false, "y": -8.4693875408798043, "x": 150.0155367773842}, "6": {"z": 0.0, "is_anchor": false, "y": -8.4693875408798043, "x": 150.0155367773842}, "1": {"z": 0.0, "is_anchor": false, "y": -28.469387540879811, "x": 150.01553677738423}, "0": {"z": 0.0, "is_anchor": true, "y": -28.469387540879822, "x": 150.01553677738434}, "3": {"z": 0.0, "is_anchor": false, "y": -20.323189202024899, "x": 150.01553677738417}, "2": {"z": 0.0, "is_anchor": false, "y": -24.174754899537632, "x": 150.0155367773842}, "10": {"z": 0.0, "is_anchor": false, "y": -28.469387540879804, "x": 163.27741468723571}, "13": {"z": 0.0, "is_anchor": false, "y": -8.4693875408798043, "x": 163.27741468723571}, "11": {"z": 0.0, "is_anchor": false, "y": -16.615585879734699, "x": 163.27741468723571}, "9": {"z": 0.0, "is_anchor": false, "y": -24.174754899537628, "x": 163.27741468723571}, "8": {"z": 0.0, "is_anchor": false, "y": -18.469387540879808, "x": 150.0155367773842}}, "face": {"14": ["8", "14", "11"], "5": ["8", "11", "12"], "15": ["5", "12", "11", "4"], "7": ["8", "13", "6", "7"], "6": ["3", "4", "11", "14"], "1": ["10", "1", "2", "9"], "13": ["9", "2", "3", "14"], "3": ["8", "10", "9"], "20": ["13", "8", "12"], "11": ["14", "8", "9"], "9": ["6", "13", "12", "5"], "8": ["1", "10", "8", "0"]}, "facedata": {"14": {}, "5": {}, "15": {}, "7": {}, "6": {}, "1": {}, "13": {}, "3": {}, "20": {}, "11": {}, "9": {}, "8": {}}, "attributes": {"name": "ForceDiagram", "color.face": [0, 255, 255], "color.edge": [200, 200, 200], "color.vertex": [255, 255, 255]}, "max_int_fkey": 20, "max_int_key": 14, "edgedata": {"(0, 1)": {"force": 0.0}, "(8, 10)": {"force": 16.609999999999999}, "(0, 8)": {"force": 10.0}, "(3, 14)": {"force": 13.26}, "(5, 6)": {"force": 4.29}, "(9, 14)": {"force": 3.8500000000000001}, "(11, 14)": {"force": 3.71}, "(1, 10)": {"force": 13.26}, "(3, 4)": {"force": 3.71}, "(11, 12)": {"force": 3.8500000000000001}, "(4, 11)": {"force": 13.26}, "(8, 12)": {"force": 14.44}, "(4, 5)": {"force": 3.8500000000000001}, "(12, 13)": {"force": 4.29}, "(2, 3)": {"force": 3.8500000000000001}, "(6, 13)": {"force": 13.26}, "(2, 9)": {"force": 13.26}, "(8, 11)": {"force": 13.390000000000001}, "(7, 8)": {"force": 10.0}, "(8, 14)": {"force": 13.390000000000001}, "(9, 10)": {"force": 4.29}, "(8, 9)": {"force": 14.44}, "(8, 13)": {"force": 16.609999999999999}, "(6, 7)": {"force": 0.0}, "(5, 12)": {"force": 13.26}, "(1, 2)": {"force": 4.29}}, "dva": {"is_anchor": false, "is_fixed": false, "y": 0.0, "x": 0.0, "z": 0.0, "is_param": false}}