{"dea": {"is_element": false, "f": 0.0, "is_edge": true, "l": 0.0, "q": 1.0, "is_load": false, "is_reaction": false, "is_ind": false}, "dfa": {}, "vertex": {"16": {"z": 0.0, "y": -10.0, "x": 0.0}, "15": {"z": 0.0, "y": -1.4210854715202004e-14, "x": 66.666666666666671}, "18": {"z": 0.0, "y": 10.0, "x": 33.333333333333336}, "10": {"z": 0.0, "y": 10.0, "x": 16.666666666666675}, "20": {"z": 0.0, "y": -12.567350400870382, "x": 83.333333333333329}, "17": {"z": 0.0, "y": 10.0, "x": 83.333333333333329}, "12": {"z": 0.0, "y": 0.0, "x": 110.0}, "19": {"z": 0.0, "y": -10.0, "x": 100.0}, "11": {"z": 0.0, "y": -19.737485477064496, "x": 33.333333333333336}, "5": {"z": 0.0, "y": -19.737485477064482, "x": 66.666666666666671}, "4": {"z": 0.0, "y": 9.9999999999999858, "x": 66.666666666666671}, "7": {"z": 0.0, "is_fixed": true, "y": 0.0, "x": 100.0}, "6": {"z": 0.0, "y": 0.0, "x": 50.0}, "1": {"z": 0.0, "y": 0.0, "x": 16.666666666666675}, "0": {"z": 0.0, "y": 10.0, "x": 50.0}, "3": {"z": 0.0, "y": -12.567350400870382, "x": 16.666666666666671}, "2": {"z": 0.0, "y": 0.0, "x": -10.0}, "9": {"z": 0.0, "y": 0.0, "x": 83.333333333333329}, "8": {"z": 0.0, "is_fixed": true, "y": 0.0, "x": 0.0}, "14": {"z": 0.0, "y": -22.067222981997091, "x": 50.0}, "13": {"z": 0.0, "y": 0.0, "x": 33.333333333333336}}, "face": {"14": ["11", "14", "6", "13"], "12": ["15", "5", "20", "9"], "5": ["4", "15", "9", "17"], "4": ["0", "6", "15", "4"], "7": ["12", "7", "19"], "6": ["17", "9", "7", "12"], "1": ["2", "8", "1", "10"], "0": ["16", "8", "2"], "3": ["18", "13", "6", "0"], "2": ["10", "1", "13", "18"], "10": ["3", "1", "8"], "13": ["7", "9", "20"], "11": ["5", "15", "6", "14"], "9": ["13", "1", "3", "11"], "8": ["19", "7", "20", "5", "14", "11", "3", "8", "16"]}, "facedata": {"14": {}, "12": {}, "5": {}, "4": {}, "7": {}, "6": {}, "1": {}, "0": {}, "3": {}, "2": {}, "10": {}, "13": {}, "11": {}, "9": {}, "8": {}}, "attributes": {"color.face": [0, 255, 255], "name": "FormDiagram", "color.vertex:is_fixed": [255, 0, 0], "color.vertex": [255, 255, 255], "color.edge": [0, 0, 0]}, "max_int_fkey": 14, "max_int_key": 20, "edgedata": {"(9, 17)": {}, "(10, 18)": {"is_edge": false}, "(1, 13)": {"l": 16.666666666666661, "f": 13.261877909851535, "q": 0.79571267459109241}, "(19, 16)": {"is_edge": false}, "(0, 4)": {"is_edge": false}, "(0, 6)": {}, "(10, 2)": {"is_edge": false}, "(19, 12)": {"is_edge": false}, "(15, 9)": {"l": 16.666666666666657, "f": 13.261877909851535, "q": 0.79571267459109252}, "(15, 6)": {"l": 16.666666666666671, "f": 13.261877909851535, "q": 0.79571267459109185}, "(20, 9)": {"l": 12.567350400870382, "f": 4.2946326413421883, "q": 0.34172936254285974}, "(6, 15)": {}, "(7, 20)": {}, "(17, 4)": {"is_edge": false}, "(3, 11)": {}, "(11, 14)": {"l": 16.828709238074893, "f": -13.390817237744395, "q": -0.79571267459109218}, "(1, 10)": {}, "(11, 13)": {"l": 19.737485477064496, "f": 3.8515656975127301, "q": 0.19513963427551884}, "(3, 8)": {"l": 20.873813112990039, "f": -16.609557661051905, "q": -0.79571267459109174}, "(20, 7)": {"l": 20.873813112990039, "f": -16.609557661051909, "q": -0.79571267459109185}, "(19, 7)": {"l": 10.0, "f": 10.000000000000002, "q": 1.0000000000000002}, "(4, 0)": {"is_edge": false}, "(2, 16)": {"is_edge": false}, "(12, 19)": {"is_edge": false}, "(12, 17)": {"is_edge": false}, "(7, 19)": {}, "(17, 9)": {"l": 10.0, "f": 4.2946326413421989, "q": 0.42946326413421987}, "(6, 13)": {"l": 16.666666666666664, "f": 13.261877909851535, "q": 0.79571267459109218}, "(13, 18)": {}, "(2, 8)": {"l": 10.0, "f": 0.0, "is_ind": true, "q": 0.0}, "(12, 7)": {"l": 10.0, "f": 7.9520747480937592e-17, "q": 7.9520747480937598e-18}, "(10, 1)": {"l": 10.0, "f": 4.2946326413421767, "q": 0.42946326413421765}, "(15, 5)": {"l": 19.737485477064467, "f": 3.8515656975127102, "q": 0.19513963427551811}, "(20, 5)": {"l": 18.143555737193481, "f": -14.437057262234786, "q": -0.79571267459109252}, "(7, 9)": {"l": 16.666666666666671, "f": 13.261877909851535, "q": 0.79571267459109185}, "(5, 15)": {}, "(0, 18)": {"is_edge": false}, "(7, 12)": {}, "(8, 2)": {"is_ind": true, "q": 0.0}, "(16, 8)": {"l": 10.0, "f": 10.0, "is_ind": true, "q": 1.0}, "(6, 0)": {"l": 10.0, "f": 3.7076033222902089, "q": 0.37076033222902088}, "(16, 19)": {"is_edge": false}, "(5, 20)": {}, "(6, 14)": {"l": 22.067222981997091, "f": 3.7076033222901978, "q": 0.16801404169953507}, "(4, 15)": {}, "(9, 15)": {}, "(16, 2)": {"is_edge": false}, "(1, 3)": {"l": 12.567350400870382, "f": 4.2946326413421767, "q": 0.34172936254285885}, "(11, 3)": {"l": 18.143555737193491, "f": -14.437057262234788, "q": -0.79571267459109218}, "(18, 0)": {"is_edge": false}, "(8, 16)": {"is_ind": true, "q": 1.0}, "(15, 4)": {"l": 10.0, "f": 3.8515656975126884, "q": 0.38515656975126883}, "(1, 8)": {"l": 16.666666666666675, "f": 13.261877909851533, "q": 0.79571267459109163}, "(9, 20)": {}, "(17, 12)": {"is_edge": false}, "(5, 14)": {"l": 16.8287092380749, "f": -13.390817237744395, "q": -0.79571267459109185}, "(18, 10)": {"is_edge": false}, "(18, 13)": {"l": 10.0, "f": 3.8515656975127301, "q": 0.38515656975127299}, "(2, 10)": {"is_edge": false}, "(4, 17)": {"is_edge": false}}, "dva": {"cy": 0.0, "is_fixed": false, "y": 0.0, "x": 0.0, "z": 0.0, "cx": 0.0}}